-- phpMyAdmin SQL Dump
-- version 5.2.1
-- https://www.phpmyadmin.net/
--
-- Host: 127.0.0.1
-- Generation Time: Jun 11, 2023 at 09:15 AM
-- Server version: 10.4.28-MariaDB
-- PHP Version: 8.2.4

SET SQL_MODE = "NO_AUTO_VALUE_ON_ZERO";
START TRANSACTION;
SET time_zone = "+00:00";


/*!40101 SET @OLD_CHARACTER_SET_CLIENT=@@CHARACTER_SET_CLIENT */;
/*!40101 SET @OLD_CHARACTER_SET_RESULTS=@@CHARACTER_SET_RESULTS */;
/*!40101 SET @OLD_COLLATION_CONNECTION=@@COLLATION_CONNECTION */;
/*!40101 SET NAMES utf8mb4 */;

--
-- Database: `highspeedrail`
--

-- --------------------------------------------------------

--
-- Table structure for table `between`
--

CREATE TABLE `between` (
  `starts` varchar(10) NOT NULL,
  `ends` varchar(10) NOT NULL,
  `price` int(11) NOT NULL
) ENGINE=InnoDB DEFAULT CHARSET=utf8mb4 COLLATE=utf8mb4_general_ci;

--
-- Dumping data for table `between`
--

INSERT INTO `between` (`starts`, `ends`, `price`) VALUES
('Taipei', 'Nangang', 40),
('Banqiao', 'Nangang', 70),
('Banqiao', 'Taipei', 40),
('Taoyuan', 'Nangang', 200),
('Taoyuan', 'Taipei', 160),
('Taoyuan', 'Banqiao', 130),
('Hsinchu', 'Nangang', 330),
('Hsinchu', 'Taipei', 290),
('Hsinchu', 'Banqiao', 260),
('Hsinchu', 'Taoyuan', 130),
('Miaoli', 'Nangang', 480),
('Miaoli', 'Taipei', 430),
('Miaoli', 'Banqiao', 400),
('Miaoli', 'Taoyuan', 280),
('Miaoli', 'Hsinchu', 140),
('Taichung', 'Nangang', 750),
('Taichung', 'Taipei', 700),
('Taichung', 'Banqiao', 670),
('Taichung', 'Taoyuan', 540),
('Taichung', 'Hsinchu', 410),
('Taichung', 'Miaoli', 270),
('Changhua', 'Nangang', 870),
('Changhua', 'Taipei', 820),
('Changhua', 'Banqiao', 790),
('Changhua', 'Taoyuan', 670),
('Changhua', 'Hsinchu', 540),
('Changhua', 'Miaoli', 390),
('Changhua', 'Taichung', 130),
('Yunlin', 'Nangang', 970),
('Yunlin', 'Taipei', 930),
('Yunlin', 'Banqiao', 900),
('Yunlin', 'Taoyuan', 780),
('Yunlin', 'Hsinchu', 640),
('Yunlin', 'Miaoli', 500),
('Yunlin', 'Taichung', 230),
('Yunlin', 'Changhua', 110),
('Chiayi', 'Nangang', 1120),
('Chiayi', 'Taipei', 1080),
('Chiayi', 'Banqiao', 1050),
('Chiayi', 'Taoyuan', 920),
('Chiayi', 'Hsinchu', 790),
('Chiayi', 'Miaoli', 640),
('Chiayi', 'Taichung', 380),
('Chiayi', 'Changhua', 250),
('Chiayi', 'Yunlin', 150),
('Tainan', 'Nangang', 1390),
('Tainan', 'Taipei', 1350),
('Tainan', 'Banqiao', 1320),
('Tainan', 'Taoyuan', 1060),
('Tainan', 'Hsinchu', 1060),
('Tainan', 'Miaoli', 920),
('Tainan', 'Taichung', 650),
('Tainan', 'Changhua', 530),
('Tainan', 'Yunlin', 420),
('Tainan', 'Chiayi', 280),
('Zuoying', 'Nangang', 1530),
('Zuoying', 'Taipei', 1490),
('Zuoying', 'Banqiao', 1460),
('Zuoying', 'Taoyuan', 1200),
('Zuoying', 'Hsinchu', 1200),
('Zuoying', 'Miaoli', 1060),
('Zuoying', 'Taichung', 790),
('Zuoying', 'Changhua', 670),
('Zuoying', 'Yunlin', 560),
('Zuoying', 'Chiayi', 410),
('Zuoying', 'Tainan', 140),
('Nangang', 'Taipei', 40),
('Nangang', 'Banqiao', 70),
('Taipei', 'Banqiao', 40),
('Nangang', 'Taoyuan', 200),
('Taipei', 'Taoyuan', 160),
('Banqiao', 'Taoyuan', 130),
('Nangang', 'Hsinchu', 330),
('Taipei', 'Hsinchu', 290),
('Banqiao', 'Hsinchu', 260),
('Taoyuan', 'Hsinchu', 130),
('Nangang', 'Miaoli', 480),
('Taipei', 'Miaoli', 430),
('Banqiao', 'Miaoli', 400),
('Taoyuan', 'Miaoli', 280),
('Hsinchu', 'Miaoli', 140),
('Nangang', 'Taichung', 750),
('Taipei', 'Taichung', 700),
('Banqiao', 'Taichung', 670),
('Taoyuan', 'Taichung', 540),
('Hsinchu', 'Taichung', 410),
('Miaoli', 'Taichung', 270),
('Nangang', 'Changhua', 870),
('Taipei', 'Changhua', 820),
('Banqiao', 'Changhua', 790),
('Taoyuan', 'Changhua', 670),
('Hsinchu', 'Changhua', 540),
('Miaoli', 'Changhua', 390),
('Taichung', 'Changhua', 130),
('Nangang', 'Yunlin', 970),
('Taipei', 'Yunlin', 930),
('Banqiao', 'Yunlin', 900),
('Taoyuan', 'Yunlin', 780),
('Hsinchu', 'Yunlin', 640),
('Miaoli', 'Yunlin', 500),
('Taichung', 'Yunlin', 230),
('Changhua', 'Yunlin', 110),
('Nangang', 'Chiayi', 1120),
('Taipei', 'Chiayi', 1080),
('Banqiao', 'Chiayi', 1050),
('Taoyuan', 'Chiayi', 920),
('Hsinchu', 'Chiayi', 790),
('Miaoli', 'Chiayi', 640),
('Taichung', 'Chiayi', 380),
('Changhua', 'Chiayi', 250),
('Yunlin', 'Chiayi', 150),
('Nangang', 'Tainan', 1390),
('Taipei', 'Tainan', 1350),
('Banqiao', 'Tainan', 1320),
('Taoyuan', 'Tainan', 1060),
('Hsinchu', 'Tainan', 1060),
('Miaoli', 'Tainan', 920),
('Taichung', 'Tainan', 650),
('Changhua', 'Tainan', 530),
('Yunlin', 'Tainan', 420),
('Chiayi', 'Tainan', 280),
('Nangang', 'Zuoying', 1530),
('Taipei', 'Zuoying', 1490),
('Banqiao', 'Zuoying', 1460),
('Taoyuan', 'Zuoying', 1200),
('Hsinchu', 'Zuoying', 1200),
('Miaoli', 'Zuoying', 1060),
('Taichung', 'Zuoying', 790),
('Changhua', 'Zuoying', 670),
('Yunlin', 'Zuoying', 560),
('Chiayi', 'Zuoying', 410),
('Tainan', 'Zuoying', 140),
('Nangang', 'Nangang', 0),
('Taipei', 'Taipei', 0),
('Banqiao', 'Banqiao', 0),
('Taoyuan', 'Taoyuan', 0),
('Hsinchu', 'Hsinchu', 0),
('Miaoli', 'Miaoli', 0),
('Taichung', 'Taichung', 0),
('Changhua', 'Changhua', 0),
('Yunlin', 'Yunlin', 0),
('Chiayi', 'Chiayi', 0),
('Tainan', 'Tainan', 0),
('Zuoying', 'Zuoying', 0);

-- --------------------------------------------------------

--
-- Table structure for table `passenger`
--

CREATE TABLE `passenger` (
  `id` int(11) NOT NULL,
  `fname` varchar(15) NOT NULL,
  `lname` varchar(15) NOT NULL,
  `status` varchar(10) NOT NULL
) ENGINE=InnoDB DEFAULT CHARSET=utf8mb4 COLLATE=utf8mb4_general_ci;

--
-- Dumping data for table `passenger`
--

INSERT INTO `passenger` (`id`, `fname`, `lname`, `status`) VALUES
(0, 'Julie', 'Lashua', 'employed'),
(1, 'Charles', 'Bernhart', 'elderly'),
(2, 'Mary', 'Salk', 'student'),
(3, 'Linda', 'Dejardin', 'employed'),
(4, 'Stephanie', 'Wurdeman', 'employed'),
(5, 'Tina', 'Starks', 'elderly'),
(6, 'Diana', 'Christianson', 'elderly'),
(7, 'Francis', 'Mcbride', 'elderly'),
(8, 'Paulette', 'Mills', 'employed'),
(9, 'Thomas', 'Atkins', 'elderly'),
(10, 'Michael', 'Becton', 'employed'),
(11, 'Agustin', 'Dale', 'employed'),
(12, 'Christopher', 'Berringer', 'elderly'),
(13, 'Scott', 'Salgado', 'employed'),
(14, 'Mary', 'Dustman', 'employed'),
(15, 'Tina', 'Rutenberg', 'student'),
(16, 'Kenny', 'Lee', 'employed'),
(17, 'Thomas', 'Fudge', 'student'),
(18, 'Peter', 'Wheat', 'employed'),
(19, 'Gustavo', 'Bodie', 'student'),
(20, 'Anita', 'Lieberman', 'employed'),
(21, 'Donna', 'Mcmaster', 'employed'),
(22, 'Mary', 'Nutter', 'elderly'),
(23, 'Gwen', 'Bennett', 'employed'),
(24, 'Vera', 'Burnside', 'elderly'),
(25, 'Joy', 'Gerwig', 'employed'),
(26, 'Larraine', 'Morgan', 'employed'),
(27, 'Stanton', 'Williams', 'employed'),
(28, 'Kayla', 'Quarry', 'employed'),
(29, 'Sara', 'Reem', 'employed'),
(30, 'Eric', 'Wolfe', 'employed'),
(31, 'Burton', 'Cherian', 'student'),
(32, 'Travis', 'Tisby', 'student'),
(33, 'Regina', 'Anderson', 'elderly'),
(34, 'Amber', 'Locke', 'student'),
(35, 'Stephen', 'Rogers', 'student'),
(36, 'Timothy', 'Borror', 'employed'),
(37, 'Clair', 'Francis', 'employed'),
(38, 'Kimberly', 'Kulish', 'employed'),
(39, 'Jasmine', 'Horvath', 'student'),
(40, 'John', 'Bradshaw', 'student'),
(41, 'Guy', 'Mcclelland', 'employed'),
(42, 'Scott', 'Thompson', 'employed'),
(43, 'Mark', 'Rosenberg', 'employed'),
(44, 'Chas', 'Reddick', 'elderly'),
(45, 'Gary', 'Buckley', 'employed'),
(46, 'Julian', 'Raya', 'elderly'),
(47, 'Bobby', 'Portes', 'employed'),
(48, 'Racheal', 'Fuentes', 'employed'),
(49, 'Elizabeth', 'Troup', 'employed'),
(50, 'Josie', 'Shroyer', 'employed'),
(51, 'Constance', 'Walls', 'employed'),
(52, 'Richard', 'Gross', 'employed'),
(53, 'Fred', 'Kelly', 'elderly'),
(54, 'Iola', 'Birt', 'student'),
(55, 'Lauri', 'Deal', 'employed'),
(56, 'Daniel', 'Ezzelle', 'employed'),
(57, 'Bryan', 'Phagan', 'employed'),
(58, 'Lucille', 'Diaz', 'employed'),
(59, 'Dennis', 'Johnson', 'student'),
(60, 'Rose', 'Schmucker', 'elderly'),
(61, 'Jennifer', 'Mccourt', 'employed'),
(62, 'Melissa', 'Moya', 'elderly'),
(63, 'Jean', 'Heffner', 'elderly'),
(64, 'Debra', 'Hanley', 'employed'),
(65, 'Debra', 'Mccrate', 'student'),
(66, 'Lillian', 'Reyes', 'employed'),
(67, 'Ruby', 'Hess', 'student'),
(68, 'Erin', 'Harvey', 'elderly'),
(69, 'Lynda', 'Alward', 'student'),
(70, 'Mariana', 'Master', 'student'),
(71, 'Matthew', 'Helms', 'employed'),
(72, 'Mildred', 'Torres', 'employed'),
(73, 'Stephen', 'Vargas', 'student'),
(74, 'Alan', 'Milne', 'elderly'),
(75, 'Krista', 'Greenwood', 'elderly'),
(76, 'Jane', 'Griffen', 'employed'),
(77, 'Debbie', 'Carpenter', 'employed'),
(78, 'Crystal', 'Perkins', 'employed'),
(79, 'Marian', 'Athan', 'employed'),
(80, 'Jami', 'Lopez', 'employed'),
(81, 'Evelyn', 'Eckhart', 'employed'),
(82, 'Michelle', 'Ethridge', 'employed'),
(83, 'Victor', 'Essex', 'employed'),
(84, 'Cindy', 'Keller', 'employed'),
(85, 'Sharon', 'Myers', 'employed'),
(86, 'Clayton', 'Jones', 'employed'),
(87, 'Jamel', 'Levan', 'employed'),
(88, 'Sara', 'Crouchet', 'employed'),
(89, 'Michael', 'Patterson', 'employed'),
(90, 'Elizabeth', 'Thomas', 'employed'),
(91, 'Michael', 'Hamon', 'employed'),
(92, 'Ola', 'Herring', 'elderly'),
(93, 'Philip', 'Montanez', 'student'),
(94, 'Mellissa', 'Blum', 'employed'),
(95, 'John', 'Morales', 'employed'),
(96, 'Janice', 'Hamson', 'employed'),
(97, 'William', 'Connell', 'elderly'),
(98, 'Samuel', 'Dones', 'employed'),
(99, 'Raymond', 'Jackson', 'employed'),
(100, 'Andre', 'Johnson', 'employed'),
(101, 'James', 'Fletcher', 'elderly'),
(102, 'Chester', 'Hopkins', 'student'),
(103, 'Penny', 'Griffey', 'employed'),
(104, 'Scott', 'Blamer', 'employed'),
(105, 'Kayla', 'Blum', 'employed'),
(106, 'Richard', 'Schott', 'student'),
(107, 'Elizabeth', 'Ervin', 'employed'),
(108, 'John', 'Frasier', 'elderly'),
(109, 'Jc', 'Chandler', 'elderly'),
(110, 'Laura', 'Phipps', 'student'),
(111, 'Judith', 'Koch', 'employed'),
(112, 'Robert', 'Largent', 'elderly'),
(113, 'Jon', 'White', 'employed'),
(114, 'Dawn', 'Martinez', 'student'),
(115, 'Julianna', 'Padula', 'employed'),
(116, 'Roberta', 'Smith', 'student'),
(117, 'Theresa', 'Bruno', 'employed'),
(118, 'Angelita', 'Cox', 'elderly'),
(119, 'Matt', 'Corcoran', 'employed'),
(120, 'Genevieve', 'Sanders', 'employed'),
(121, 'Jacob', 'Hof', 'student'),
(122, 'Barbara', 'Blaine', 'employed'),
(123, 'Luella', 'Chavis', 'student'),
(124, 'Penelope', 'Breland', 'employed'),
(125, 'Ola', 'Vires', 'employed'),
(126, 'Larry', 'Kimble', 'employed'),
(127, 'Marvin', 'Lussier', 'employed'),
(128, 'Kevin', 'Kealy', 'employed'),
(129, 'Anthony', 'Castleman', 'elderly'),
(130, 'Lisa', 'Goldsmith', 'employed'),
(131, 'Robert', 'Anderson', 'employed'),
(132, 'Cynthia', 'Cross', 'elderly'),
(133, 'Barbara', 'Allen', 'employed'),
(134, 'Karen', 'King', 'employed'),
(135, 'Wesley', 'Guzman', 'employed'),
(136, 'Steven', 'Baker', 'employed'),
(137, 'Jack', 'Westerfield', 'elderly'),
(138, 'Stephen', 'Merritt', 'employed'),
(139, 'James', 'Wong', 'student'),
(140, 'Linda', 'Degraffenreid', 'elderly'),
(141, 'Williemae', 'Penttila', 'employed'),
(142, 'Patricia', 'Richard', 'elderly'),
(143, 'Mary', 'Kauffman', 'elderly'),
(144, 'Deborah', 'Fugate', 'employed'),
(145, 'Lee', 'Gill', 'employed'),
(146, 'Jerry', 'Chan', 'elderly'),
(147, 'Scott', 'Zuniga', 'elderly'),
(148, 'Walter', 'Rantz', 'employed'),
(149, 'Raymond', 'Wayne', 'student'),
(150, 'Tricia', 'Decker', 'elderly'),
(151, 'Leonard', 'Hunter', 'employed'),
(152, 'Patricia', 'Best', 'employed'),
(153, 'Catherine', 'Small', 'employed'),
(154, 'Fernando', 'Jefferson', 'elderly'),
(155, 'Hazel', 'Jeanbaptiste', 'employed'),
(156, 'Doyle', 'Macdonald', 'elderly'),
(157, 'Lucy', 'Bannon', 'elderly'),
(158, 'Maurice', 'Riffel', 'student'),
(159, 'Richard', 'Hendricks', 'student'),
(160, 'Dorothy', 'Leising', 'employed'),
(161, 'Pauline', 'Cantrell', 'employed'),
(162, 'Susan', 'Hogston', 'student'),
(163, 'Richard', 'Oates', 'elderly'),
(164, 'Ruth', 'Cook', 'student'),
(165, 'Amanda', 'Hatfield', 'employed'),
(166, 'Eduardo', 'Ignacio', 'elderly'),
(167, 'Tammy', 'Holmberg', 'employed'),
(168, 'James', 'Martinez', 'employed'),
(169, 'Andy', 'Congdon', 'employed'),
(170, 'Julie', 'Santos', 'employed'),
(171, 'Anne', 'Dean', 'employed'),
(172, 'Justin', 'Sharrow', 'employed'),
(173, 'Anthony', 'Viars', 'elderly'),
(174, 'Mary', 'Herrington', 'elderly'),
(175, 'Alycia', 'Griffith', 'elderly'),
(176, 'Leonor', 'Orozco', 'employed'),
(177, 'Arthur', 'Cuccia', 'elderly'),
(178, 'Blanca', 'Littlefield', 'elderly'),
(179, 'Evelyn', 'Ewert', 'employed'),
(180, 'Elizabeth', 'Reffett', 'employed'),
(181, 'Alfred', 'Kelly', 'employed'),
(182, 'Maryann', 'Bowman', 'student'),
(183, 'Donna', 'Riley', 'employed'),
(184, 'Philip', 'Grizzle', 'elderly'),
(185, 'Bobbie', 'Norman', 'employed'),
(186, 'Janet', 'Ball', 'employed'),
(187, 'Betty', 'Derrick', 'student'),
(188, 'David', 'Sheppard', 'employed'),
(189, 'Jennifer', 'Haines', 'elderly'),
(190, 'Janet', 'Krieger', 'employed'),
(191, 'Linda', 'Jensen', 'employed'),
(192, 'Frank', 'Cobb', 'employed'),
(193, 'James', 'Flook', 'employed'),
(194, 'Brent', 'Maldonado', 'student'),
(195, 'Joseph', 'Northover', 'employed'),
(196, 'Crystal', 'Sasser', 'elderly'),
(197, 'Felix', 'Buck', 'employed'),
(198, 'Gabriela', 'Brown', 'employed'),
(199, 'Thomas', 'Vang', 'employed');

-- --------------------------------------------------------

--
-- Table structure for table `station`
--

CREATE TABLE `station` (
  `name` varchar(10) NOT NULL
) ENGINE=InnoDB DEFAULT CHARSET=utf8mb4 COLLATE=utf8mb4_general_ci;

--
-- Dumping data for table `station`
--

INSERT INTO `station` (`name`) VALUES
('Nangang'),
('Taipei'),
('Banqiao'),
('Taoyuan'),
('Hsinchu'),
('Miaoli'),
('Taichung'),
('Changhua'),
('Yunlin'),
('Chiayi'),
('Tainan'),
('Zuoying');

-- --------------------------------------------------------

--
-- Table structure for table `stops_at`
--

CREATE TABLE `stops_at` (
  `trainnr` int(11) NOT NULL,
  `day` int(11) NOT NULL,
  `name` varchar(10) NOT NULL,
  `time` varchar(10) NOT NULL
) ENGINE=InnoDB DEFAULT CHARSET=utf8mb4 COLLATE=utf8mb4_general_ci;

--
-- Dumping data for table `stops_at`
--

INSERT INTO `stops_at` (`trainnr`, `day`, `name`, `time`) VALUES
(109, 1, 'Nangang', '7:20'),
(109, 1, 'Taipei', '7:31'),
(109, 1, 'Banqiao', '7:39'),
(109, 1, 'Taichung', '8:20'),
(109, 1, 'Zuoying', '9:05'),
(109, 2, 'Nangang', '7:20'),
(109, 2, 'Taipei', '7:31'),
(109, 2, 'Banqiao', '7:39'),
(109, 2, 'Taichung', '8:20'),
(109, 2, 'Zuoying', '9:05'),
(109, 3, 'Nangang', '7:20'),
(109, 3, 'Taipei', '7:31'),
(109, 3, 'Banqiao', '7:39'),
(109, 3, 'Taichung', '8:20'),
(109, 3, 'Zuoying', '9:05'),
(109, 4, 'Nangang', '7:20'),
(109, 4, 'Taipei', '7:31'),
(109, 4, 'Banqiao', '7:39'),
(109, 4, 'Taichung', '8:20'),
(109, 4, 'Zuoying', '9:05'),
(109, 5, 'Nangang', '7:20'),
(109, 5, 'Taipei', '7:31'),
(109, 5, 'Banqiao', '7:39'),
(109, 5, 'Taichung', '8:20'),
(109, 5, 'Zuoying', '9:05'),
(109, 6, 'Nangang', '7:20'),
(109, 6, 'Taipei', '7:31'),
(109, 6, 'Banqiao', '7:39'),
(109, 6, 'Taichung', '8:20'),
(109, 6, 'Zuoying', '9:05'),
(109, 7, 'Nangang', '7:20'),
(109, 7, 'Taipei', '7:31'),
(109, 7, 'Banqiao', '7:39'),
(109, 7, 'Taichung', '8:20'),
(109, 7, 'Zuoying', '9:05'),
(113, 1, 'Nangang', '8:20'),
(113, 1, 'Taipei', '8:31'),
(113, 1, 'Banqiao', '8:39'),
(113, 1, 'Taichung', '9:20'),
(113, 1, 'Zuoying', '10:05'),
(113, 2, 'Nangang', '8:20'),
(113, 2, 'Taipei', '8:31'),
(113, 2, 'Banqiao', '8:39'),
(113, 2, 'Taichung', '9:20'),
(113, 2, 'Zuoying', '10:05'),
(113, 3, 'Nangang', '8:20'),
(113, 3, 'Taipei', '8:31'),
(113, 3, 'Banqiao', '8:39'),
(113, 3, 'Taichung', '9:20'),
(113, 3, 'Zuoying', '10:05'),
(113, 4, 'Nangang', '8:20'),
(113, 4, 'Taipei', '8:31'),
(113, 4, 'Banqiao', '8:39'),
(113, 4, 'Taichung', '9:20'),
(113, 4, 'Zuoying', '10:05'),
(113, 5, 'Nangang', '8:20'),
(113, 5, 'Taipei', '8:31'),
(113, 5, 'Banqiao', '8:39'),
(113, 5, 'Taichung', '9:20'),
(113, 5, 'Zuoying', '10:05'),
(113, 6, 'Nangang', '8:20'),
(113, 6, 'Taipei', '8:31'),
(113, 6, 'Banqiao', '8:39'),
(113, 6, 'Taichung', '9:20'),
(113, 6, 'Zuoying', '10:05'),
(113, 7, 'Nangang', '8:20'),
(113, 7, 'Taipei', '8:31'),
(113, 7, 'Banqiao', '8:39'),
(113, 7, 'Taichung', '9:20'),
(113, 7, 'Zuoying', '10:05'),
(117, 1, 'Nangang', '9:20'),
(117, 1, 'Taipei', '9:31'),
(117, 1, 'Banqiao', '9:39'),
(117, 1, 'Taichung', '10:20'),
(117, 1, 'Zuoying', '11:05'),
(117, 2, 'Nangang', '9:20'),
(117, 2, 'Taipei', '9:31'),
(117, 2, 'Banqiao', '9:39'),
(117, 2, 'Taichung', '10:20'),
(117, 2, 'Zuoying', '11:05'),
(117, 3, 'Nangang', '9:20'),
(117, 3, 'Taipei', '9:31'),
(117, 3, 'Banqiao', '9:39'),
(117, 3, 'Taichung', '10:20'),
(117, 3, 'Zuoying', '11:05'),
(117, 4, 'Nangang', '9:20'),
(117, 4, 'Taipei', '9:31'),
(117, 4, 'Banqiao', '9:39'),
(117, 4, 'Taichung', '10:20'),
(117, 4, 'Zuoying', '11:05'),
(117, 5, 'Nangang', '9:20'),
(117, 5, 'Taipei', '9:31'),
(117, 5, 'Banqiao', '9:39'),
(117, 5, 'Taichung', '10:20'),
(117, 5, 'Zuoying', '11:05'),
(121, 1, 'Nangang', '10:20'),
(121, 1, 'Taipei', '10:31'),
(121, 1, 'Banqiao', '10:39'),
(121, 1, 'Taichung', '11:20'),
(121, 1, 'Zuoying', '12:05'),
(121, 3, 'Nangang', '10:20'),
(121, 3, 'Taipei', '10:31'),
(121, 3, 'Banqiao', '10:39'),
(121, 3, 'Taichung', '11:20'),
(121, 3, 'Zuoying', '12:05'),
(121, 5, 'Nangang', '10:20'),
(121, 5, 'Taipei', '10:31'),
(121, 5, 'Banqiao', '10:39'),
(121, 5, 'Taichung', '11:20'),
(121, 5, 'Zuoying', '12:05'),
(121, 7, 'Nangang', '10:20'),
(121, 7, 'Taipei', '10:31'),
(121, 7, 'Banqiao', '10:39'),
(121, 7, 'Taichung', '11:20'),
(121, 7, 'Zuoying', '12:05'),
(125, 1, 'Nangang', '11:20'),
(125, 1, 'Taipei', '11:31'),
(125, 1, 'Banqiao', '11:39'),
(125, 1, 'Taichung', '12:20'),
(125, 1, 'Zuoying', '13:05'),
(125, 2, 'Nangang', '11:20'),
(125, 2, 'Taipei', '11:31'),
(125, 2, 'Banqiao', '11:39'),
(125, 2, 'Taichung', '12:20'),
(125, 2, 'Zuoying', '13:05'),
(125, 5, 'Nangang', '11:20'),
(125, 5, 'Taipei', '11:31'),
(125, 5, 'Banqiao', '11:39'),
(125, 5, 'Taichung', '12:20'),
(125, 5, 'Zuoying', '13:05'),
(125, 6, 'Nangang', '11:20'),
(125, 6, 'Taipei', '11:31'),
(125, 6, 'Banqiao', '11:39'),
(125, 6, 'Taichung', '12:20'),
(125, 6, 'Zuoying', '13:05'),
(125, 7, 'Nangang', '11:20'),
(125, 7, 'Taipei', '11:31'),
(125, 7, 'Banqiao', '11:39'),
(125, 7, 'Taichung', '12:20'),
(125, 7, 'Zuoying', '13:05'),
(129, 1, 'Nangang', '12:20'),
(129, 1, 'Taipei', '12:31'),
(129, 1, 'Banqiao', '12:39'),
(129, 1, 'Taichung', '13:20'),
(129, 1, 'Zuoying', '14:05'),
(129, 4, 'Nangang', '12:20'),
(129, 4, 'Taipei', '12:31'),
(129, 4, 'Banqiao', '12:39'),
(129, 4, 'Taichung', '13:20'),
(129, 4, 'Zuoying', '14:05'),
(129, 6, 'Nangang', '12:20'),
(129, 6, 'Taipei', '12:31'),
(129, 6, 'Banqiao', '12:39'),
(129, 6, 'Taichung', '13:20'),
(129, 6, 'Zuoying', '14:05'),
(129, 7, 'Nangang', '12:20'),
(129, 7, 'Taipei', '12:31'),
(129, 7, 'Banqiao', '12:39'),
(129, 7, 'Taichung', '13:20'),
(129, 7, 'Zuoying', '14:05'),
(133, 1, 'Nangang', '13:20'),
(133, 1, 'Taipei', '13:31'),
(133, 1, 'Banqiao', '13:39'),
(133, 1, 'Taichung', '14:20'),
(133, 1, 'Zuoying', '15:05'),
(133, 2, 'Nangang', '13:20'),
(133, 2, 'Taipei', '13:31'),
(133, 2, 'Banqiao', '13:39'),
(133, 2, 'Taichung', '14:20'),
(133, 2, 'Zuoying', '15:05'),
(133, 4, 'Nangang', '13:20'),
(133, 4, 'Taipei', '13:31'),
(133, 4, 'Banqiao', '13:39'),
(133, 4, 'Taichung', '14:20'),
(133, 4, 'Zuoying', '15:05'),
(133, 5, 'Nangang', '13:20'),
(133, 5, 'Taipei', '13:31'),
(133, 5, 'Banqiao', '13:39'),
(133, 5, 'Taichung', '14:20'),
(133, 5, 'Zuoying', '15:05'),
(133, 6, 'Nangang', '13:20'),
(133, 6, 'Taipei', '13:31'),
(133, 6, 'Banqiao', '13:39'),
(133, 6, 'Taichung', '14:20'),
(133, 6, 'Zuoying', '15:05'),
(133, 7, 'Nangang', '13:20'),
(133, 7, 'Taipei', '13:31'),
(133, 7, 'Banqiao', '13:39'),
(133, 7, 'Taichung', '14:20'),
(133, 7, 'Zuoying', '15:05'),
(137, 1, 'Nangang', '14:20'),
(137, 1, 'Taipei', '14:31'),
(137, 1, 'Banqiao', '14:39'),
(137, 1, 'Taichung', '15:20'),
(137, 1, 'Zuoying', '16:05'),
(137, 2, 'Nangang', '14:20'),
(137, 2, 'Taipei', '14:31'),
(137, 2, 'Banqiao', '14:39'),
(137, 2, 'Taichung', '15:20'),
(137, 2, 'Zuoying', '16:05'),
(137, 3, 'Nangang', '14:20'),
(137, 3, 'Taipei', '14:31'),
(137, 3, 'Banqiao', '14:39'),
(137, 3, 'Taichung', '15:20'),
(137, 3, 'Zuoying', '16:05'),
(137, 4, 'Nangang', '14:20'),
(137, 4, 'Taipei', '14:31'),
(137, 4, 'Banqiao', '14:39'),
(137, 4, 'Taichung', '15:20'),
(137, 4, 'Zuoying', '16:05'),
(137, 5, 'Nangang', '14:20'),
(137, 5, 'Taipei', '14:31'),
(137, 5, 'Banqiao', '14:39'),
(137, 5, 'Taichung', '15:20'),
(137, 5, 'Zuoying', '16:05'),
(137, 6, 'Nangang', '14:20'),
(137, 6, 'Taipei', '14:31'),
(137, 6, 'Banqiao', '14:39'),
(137, 6, 'Taichung', '15:20'),
(137, 6, 'Zuoying', '16:05'),
(137, 7, 'Nangang', '14:20'),
(137, 7, 'Taipei', '14:31'),
(137, 7, 'Banqiao', '14:39'),
(137, 7, 'Taichung', '15:20'),
(137, 7, 'Zuoying', '16:05'),
(141, 1, 'Nangang', '15:20'),
(141, 1, 'Taipei', '15:31'),
(141, 1, 'Banqiao', '15:39'),
(141, 1, 'Taichung', '16:20'),
(141, 1, 'Zuoying', '17:05'),
(141, 2, 'Nangang', '15:20'),
(141, 2, 'Taipei', '15:31'),
(141, 2, 'Banqiao', '15:39'),
(141, 2, 'Taichung', '16:20'),
(141, 2, 'Zuoying', '17:05'),
(141, 3, 'Nangang', '15:20'),
(141, 3, 'Taipei', '15:31'),
(141, 3, 'Banqiao', '15:39'),
(141, 3, 'Taichung', '16:20'),
(141, 3, 'Zuoying', '17:05'),
(141, 4, 'Nangang', '15:20'),
(141, 4, 'Taipei', '15:31'),
(141, 4, 'Banqiao', '15:39'),
(141, 4, 'Taichung', '16:20'),
(141, 4, 'Zuoying', '17:05'),
(141, 5, 'Nangang', '15:20'),
(141, 5, 'Taipei', '15:31'),
(141, 5, 'Banqiao', '15:39'),
(141, 5, 'Taichung', '16:20'),
(141, 5, 'Zuoying', '17:05'),
(145, 1, 'Nangang', '16:20'),
(145, 1, 'Taipei', '16:31'),
(145, 1, 'Banqiao', '16:39'),
(145, 1, 'Taichung', '17:20'),
(145, 1, 'Zuoying', '18:05'),
(145, 2, 'Nangang', '16:20'),
(145, 2, 'Taipei', '16:31'),
(145, 2, 'Banqiao', '16:39'),
(145, 2, 'Taichung', '17:20'),
(145, 2, 'Zuoying', '18:05'),
(145, 3, 'Nangang', '16:20'),
(145, 3, 'Taipei', '16:31'),
(145, 3, 'Banqiao', '16:39'),
(145, 3, 'Taichung', '17:20'),
(145, 3, 'Zuoying', '18:05'),
(145, 4, 'Nangang', '16:20'),
(145, 4, 'Taipei', '16:31'),
(145, 4, 'Banqiao', '16:39'),
(145, 4, 'Taichung', '17:20'),
(145, 4, 'Zuoying', '18:05'),
(145, 5, 'Nangang', '16:20'),
(145, 5, 'Taipei', '16:31'),
(145, 5, 'Banqiao', '16:39'),
(145, 5, 'Taichung', '17:20'),
(145, 5, 'Zuoying', '18:05'),
(149, 1, 'Nangang', '17:20'),
(149, 1, 'Taipei', '17:31'),
(149, 1, 'Banqiao', '17:39'),
(149, 1, 'Taichung', '18:20'),
(149, 1, 'Zuoying', '19:05'),
(149, 2, 'Nangang', '17:20'),
(149, 2, 'Taipei', '17:31'),
(149, 2, 'Banqiao', '17:39'),
(149, 2, 'Taichung', '18:20'),
(149, 2, 'Zuoying', '19:05'),
(149, 4, 'Nangang', '17:20'),
(149, 4, 'Taipei', '17:31'),
(149, 4, 'Banqiao', '17:39'),
(149, 4, 'Taichung', '18:20'),
(149, 4, 'Zuoying', '19:05'),
(149, 5, 'Nangang', '17:20'),
(149, 5, 'Taipei', '17:31'),
(149, 5, 'Banqiao', '17:39'),
(149, 5, 'Taichung', '18:20'),
(149, 5, 'Zuoying', '19:05'),
(149, 6, 'Nangang', '17:20'),
(149, 6, 'Taipei', '17:31'),
(149, 6, 'Banqiao', '17:39'),
(149, 6, 'Taichung', '18:20'),
(149, 6, 'Zuoying', '19:05'),
(149, 7, 'Nangang', '17:20'),
(149, 7, 'Taipei', '17:31'),
(149, 7, 'Banqiao', '17:39'),
(149, 7, 'Taichung', '18:20'),
(149, 7, 'Zuoying', '19:05'),
(153, 1, 'Nangang', '18:20'),
(153, 1, 'Taipei', '18:31'),
(153, 1, 'Banqiao', '18:39'),
(153, 1, 'Taichung', '19:20'),
(153, 1, 'Zuoying', '20:05'),
(153, 3, 'Nangang', '18:20'),
(153, 3, 'Taipei', '18:31'),
(153, 3, 'Banqiao', '18:39'),
(153, 3, 'Taichung', '19:20'),
(153, 3, 'Zuoying', '20:05'),
(153, 5, 'Nangang', '18:20'),
(153, 5, 'Taipei', '18:31'),
(153, 5, 'Banqiao', '18:39'),
(153, 5, 'Taichung', '19:20'),
(153, 5, 'Zuoying', '20:05'),
(157, 6, 'Nangang', '19:20'),
(157, 6, 'Taipei', '19:31'),
(157, 6, 'Banqiao', '19:39'),
(157, 6, 'Taichung', '20:20'),
(157, 6, 'Zuoying', '21:05'),
(157, 7, 'Nangang', '19:20'),
(157, 7, 'Taipei', '19:31'),
(157, 7, 'Banqiao', '19:39'),
(157, 7, 'Taichung', '20:20'),
(157, 7, 'Zuoying', '21:05'),
(161, 6, 'Nangang', '20:20'),
(161, 6, 'Taipei', '20:31'),
(161, 6, 'Banqiao', '20:39'),
(161, 6, 'Taichung', '21:20'),
(161, 6, 'Zuoying', '22:05'),
(161, 7, 'Nangang', '20:20'),
(161, 7, 'Taipei', '20:31'),
(161, 7, 'Banqiao', '20:39'),
(161, 7, 'Taichung', '21:20'),
(161, 7, 'Zuoying', '22:05'),
(165, 5, 'Nangang', '21:20'),
(165, 5, 'Taipei', '21:31'),
(165, 5, 'Banqiao', '21:39'),
(165, 5, 'Taichung', '22:20'),
(165, 5, 'Zuoying', '23:05'),
(165, 6, 'Nangang', '21:20'),
(165, 6, 'Taipei', '21:31'),
(165, 6, 'Banqiao', '21:39'),
(165, 6, 'Taichung', '22:20'),
(165, 6, 'Zuoying', '23:05'),
(165, 7, 'Nangang', '21:20'),
(165, 7, 'Taipei', '21:31'),
(165, 7, 'Banqiao', '21:39'),
(165, 7, 'Taichung', '22:20'),
(165, 7, 'Zuoying', '23:05'),
(203, 1, 'Taipei', '6:30'),
(203, 1, 'Banqiao', '6:38'),
(203, 1, 'Taichung', '7:20'),
(203, 1, 'Chiayi', '7:45'),
(203, 1, 'Tainan', '8:03'),
(203, 1, 'Zuoying', '8:15'),
(203, 2, 'Taipei', '6:30'),
(203, 2, 'Banqiao', '6:38'),
(203, 2, 'Taichung', '7:20'),
(203, 2, 'Chiayi', '7:45'),
(203, 2, 'Tainan', '8:03'),
(203, 2, 'Zuoying', '8:15'),
(203, 3, 'Taipei', '6:30'),
(203, 3, 'Banqiao', '6:38'),
(203, 3, 'Taichung', '7:20'),
(203, 3, 'Chiayi', '7:45'),
(203, 3, 'Tainan', '8:03'),
(203, 3, 'Zuoying', '8:15'),
(203, 4, 'Taipei', '6:30'),
(203, 4, 'Banqiao', '6:38'),
(203, 4, 'Taichung', '7:20'),
(203, 4, 'Chiayi', '7:45'),
(203, 4, 'Tainan', '8:03'),
(203, 4, 'Zuoying', '8:15'),
(203, 5, 'Taipei', '6:30'),
(203, 5, 'Banqiao', '6:38'),
(203, 5, 'Taichung', '7:20'),
(203, 5, 'Chiayi', '7:45'),
(203, 5, 'Tainan', '8:03'),
(203, 5, 'Zuoying', '8:15'),
(203, 6, 'Taipei', '6:30'),
(203, 6, 'Banqiao', '6:38'),
(203, 6, 'Taichung', '7:20'),
(203, 6, 'Chiayi', '7:45'),
(203, 6, 'Tainan', '8:03'),
(203, 6, 'Zuoying', '8:15'),
(203, 7, 'Taipei', '6:30'),
(203, 7, 'Banqiao', '6:38'),
(203, 7, 'Taichung', '7:20'),
(203, 7, 'Chiayi', '7:45'),
(203, 7, 'Tainan', '8:03'),
(203, 7, 'Zuoying', '8:15'),
(205, 1, 'Nangang', '7:40'),
(205, 1, 'Taipei', '7:51'),
(205, 1, 'Banqiao', '7:59'),
(205, 1, 'Taichung', '8:40'),
(205, 1, 'Tainan', '9:18'),
(205, 1, 'Zuoying', '9:30'),
(205, 2, 'Nangang', '7:40'),
(205, 2, 'Taipei', '7:51'),
(205, 2, 'Banqiao', '7:59'),
(205, 2, 'Taichung', '8:40'),
(205, 2, 'Tainan', '9:18'),
(205, 2, 'Zuoying', '9:30'),
(205, 3, 'Nangang', '7:40'),
(205, 3, 'Taipei', '7:51'),
(205, 3, 'Banqiao', '7:59'),
(205, 3, 'Taichung', '8:40'),
(205, 3, 'Tainan', '9:18'),
(205, 3, 'Zuoying', '9:30'),
(205, 4, 'Nangang', '7:40'),
(205, 4, 'Taipei', '7:51'),
(205, 4, 'Banqiao', '7:59'),
(205, 4, 'Taichung', '8:40'),
(205, 4, 'Tainan', '9:18'),
(205, 4, 'Zuoying', '9:30'),
(205, 5, 'Nangang', '7:40'),
(205, 5, 'Taipei', '7:51'),
(205, 5, 'Banqiao', '7:59'),
(205, 5, 'Taichung', '8:40'),
(205, 5, 'Tainan', '9:18'),
(205, 5, 'Zuoying', '9:30'),
(205, 6, 'Nangang', '7:40'),
(205, 6, 'Taipei', '7:51'),
(205, 6, 'Banqiao', '7:59'),
(205, 6, 'Taichung', '8:40'),
(205, 6, 'Tainan', '9:18'),
(205, 6, 'Zuoying', '9:30'),
(205, 7, 'Nangang', '7:40'),
(205, 7, 'Taipei', '7:51'),
(205, 7, 'Banqiao', '7:59'),
(205, 7, 'Taichung', '8:40'),
(205, 7, 'Tainan', '9:18'),
(205, 7, 'Zuoying', '9:30'),
(249, 1, 'Nangang', '18:40'),
(249, 1, 'Taipei', '18:51'),
(249, 1, 'Banqiao', '18:59'),
(249, 1, 'Taichung', '19:40'),
(249, 1, 'Tainan', '20:18'),
(249, 1, 'Zuoying', '20:30'),
(249, 2, 'Nangang', '18:40'),
(249, 2, 'Taipei', '18:51'),
(249, 2, 'Banqiao', '18:59'),
(249, 2, 'Taichung', '19:40'),
(249, 2, 'Tainan', '20:18'),
(249, 2, 'Zuoying', '20:30'),
(249, 3, 'Nangang', '18:40'),
(249, 3, 'Taipei', '18:51'),
(249, 3, 'Banqiao', '18:59'),
(249, 3, 'Taichung', '19:40'),
(249, 3, 'Tainan', '20:18'),
(249, 3, 'Zuoying', '20:30'),
(249, 4, 'Nangang', '18:40'),
(249, 4, 'Taipei', '18:51'),
(249, 4, 'Banqiao', '18:59'),
(249, 4, 'Taichung', '19:40'),
(249, 4, 'Tainan', '20:18'),
(249, 4, 'Zuoying', '20:30'),
(249, 5, 'Nangang', '18:40'),
(249, 5, 'Taipei', '18:51'),
(249, 5, 'Banqiao', '18:59'),
(249, 5, 'Taichung', '19:40'),
(249, 5, 'Tainan', '20:18'),
(249, 5, 'Zuoying', '20:30'),
(295, 1, 'Nangang', '22:05'),
(295, 1, 'Taipei', '22:16'),
(295, 1, 'Taoyuan', '22:35'),
(295, 1, 'Taichung', '23:07'),
(295, 1, 'Chiayi', '23:30'),
(295, 1, 'Tainan', '23:48'),
(295, 1, 'Zuoying', '23:59'),
(295, 2, 'Nangang', '22:05'),
(295, 2, 'Taipei', '22:16'),
(295, 2, 'Taoyuan', '22:35'),
(295, 2, 'Taichung', '23:07'),
(295, 2, 'Chiayi', '23:30'),
(295, 2, 'Tainan', '23:48'),
(295, 2, 'Zuoying', '23:59'),
(295, 3, 'Nangang', '22:05'),
(295, 3, 'Taipei', '22:16'),
(295, 3, 'Taoyuan', '22:35'),
(295, 3, 'Taichung', '23:07'),
(295, 3, 'Chiayi', '23:30'),
(295, 3, 'Tainan', '23:48'),
(295, 3, 'Zuoying', '23:59'),
(295, 4, 'Nangang', '22:05'),
(295, 4, 'Taipei', '22:16'),
(295, 4, 'Taoyuan', '22:35'),
(295, 4, 'Taichung', '23:07'),
(295, 4, 'Chiayi', '23:30'),
(295, 4, 'Tainan', '23:48'),
(295, 4, 'Zuoying', '23:59'),
(295, 5, 'Nangang', '22:05'),
(295, 5, 'Taipei', '22:16'),
(295, 5, 'Taoyuan', '22:35'),
(295, 5, 'Taichung', '23:07'),
(295, 5, 'Chiayi', '23:30'),
(295, 5, 'Tainan', '23:48'),
(295, 5, 'Zuoying', '23:59'),
(295, 6, 'Nangang', '22:05'),
(295, 6, 'Taipei', '22:16'),
(295, 6, 'Taoyuan', '22:35'),
(295, 6, 'Taichung', '23:07'),
(295, 6, 'Chiayi', '23:30'),
(295, 6, 'Tainan', '23:48'),
(295, 6, 'Zuoying', '23:59'),
(295, 7, 'Nangang', '22:05'),
(295, 7, 'Taipei', '22:16'),
(295, 7, 'Taoyuan', '22:35'),
(295, 7, 'Taichung', '23:07'),
(295, 7, 'Chiayi', '23:30'),
(295, 7, 'Tainan', '23:48'),
(295, 7, 'Zuoying', '23:59'),
(333, 1, 'Nangang', '21:45'),
(333, 1, 'Taipei', '21:56'),
(333, 1, 'Taoyuan', '22:15'),
(333, 1, 'Taichung', '22:49'),
(333, 1, 'Changhua', '23:01'),
(333, 1, 'Yunlin', '23:12'),
(333, 1, 'Chiayi', '23:24'),
(333, 1, 'Tainan', '23:42'),
(333, 1, 'Zuoying', '23:55'),
(333, 2, 'Nangang', '21:45'),
(333, 2, 'Taipei', '21:56'),
(333, 2, 'Taoyuan', '22:15'),
(333, 2, 'Taichung', '22:49'),
(333, 2, 'Changhua', '23:01'),
(333, 2, 'Yunlin', '23:12'),
(333, 2, 'Chiayi', '23:24'),
(333, 2, 'Tainan', '23:42'),
(333, 2, 'Zuoying', '23:55'),
(333, 3, 'Nangang', '21:45'),
(333, 3, 'Taipei', '21:56'),
(333, 3, 'Taoyuan', '22:15'),
(333, 3, 'Taichung', '22:49'),
(333, 3, 'Changhua', '23:01'),
(333, 3, 'Yunlin', '23:12'),
(333, 3, 'Chiayi', '23:24'),
(333, 3, 'Tainan', '23:42'),
(333, 3, 'Zuoying', '23:55'),
(333, 4, 'Nangang', '21:45'),
(333, 4, 'Taipei', '21:56'),
(333, 4, 'Taoyuan', '22:15'),
(333, 4, 'Taichung', '22:49'),
(333, 4, 'Changhua', '23:01'),
(333, 4, 'Yunlin', '23:12'),
(333, 4, 'Chiayi', '23:24'),
(333, 4, 'Tainan', '23:42'),
(333, 4, 'Zuoying', '23:55'),
(333, 5, 'Nangang', '21:45'),
(333, 5, 'Taipei', '21:56'),
(333, 5, 'Taoyuan', '22:15'),
(333, 5, 'Taichung', '22:49'),
(333, 5, 'Changhua', '23:01'),
(333, 5, 'Yunlin', '23:12'),
(333, 5, 'Chiayi', '23:24'),
(333, 5, 'Tainan', '23:42'),
(333, 5, 'Zuoying', '23:55'),
(333, 6, 'Nangang', '21:45'),
(333, 6, 'Taipei', '21:56'),
(333, 6, 'Taoyuan', '22:15'),
(333, 6, 'Taichung', '22:49'),
(333, 6, 'Changhua', '23:01'),
(333, 6, 'Yunlin', '23:12'),
(333, 6, 'Chiayi', '23:24'),
(333, 6, 'Tainan', '23:42'),
(333, 6, 'Zuoying', '23:55'),
(333, 7, 'Nangang', '21:45'),
(333, 7, 'Taipei', '21:56'),
(333, 7, 'Taoyuan', '22:15'),
(333, 7, 'Taichung', '22:49'),
(333, 7, 'Changhua', '23:01'),
(333, 7, 'Yunlin', '23:12'),
(333, 7, 'Chiayi', '23:24'),
(333, 7, 'Tainan', '23:42'),
(333, 7, 'Zuoying', '23:55'),
(565, 1, 'Nangang', '22:15'),
(565, 1, 'Taipei', '22:26'),
(565, 1, 'Banqiao', '22:35'),
(565, 1, 'Taoyuan', '22:48'),
(565, 1, 'Hsinchu', '23:00'),
(565, 1, 'Miaoli', '23:12'),
(565, 1, 'Taichung', '23:29'),
(565, 2, 'Nangang', '22:15'),
(565, 2, 'Taipei', '22:26'),
(565, 2, 'Banqiao', '22:35'),
(565, 2, 'Taoyuan', '22:48'),
(565, 2, 'Hsinchu', '23:00'),
(565, 2, 'Miaoli', '23:12'),
(565, 2, 'Taichung', '23:29'),
(565, 3, 'Nangang', '22:15'),
(565, 3, 'Taipei', '22:26'),
(565, 3, 'Banqiao', '22:35'),
(565, 3, 'Taoyuan', '22:48'),
(565, 3, 'Hsinchu', '23:00'),
(565, 3, 'Miaoli', '23:12'),
(565, 3, 'Taichung', '23:29'),
(565, 4, 'Nangang', '22:15'),
(565, 4, 'Taipei', '22:26'),
(565, 4, 'Banqiao', '22:35'),
(565, 4, 'Taoyuan', '22:48'),
(565, 4, 'Hsinchu', '23:00'),
(565, 4, 'Miaoli', '23:12'),
(565, 4, 'Taichung', '23:29'),
(565, 5, 'Nangang', '22:15'),
(565, 5, 'Taipei', '22:26'),
(565, 5, 'Banqiao', '22:35'),
(565, 5, 'Taoyuan', '22:48'),
(565, 5, 'Hsinchu', '23:00'),
(565, 5, 'Miaoli', '23:12'),
(565, 5, 'Taichung', '23:29'),
(565, 6, 'Nangang', '22:15'),
(565, 6, 'Taipei', '22:26'),
(565, 6, 'Banqiao', '22:35'),
(565, 6, 'Taoyuan', '22:48'),
(565, 6, 'Hsinchu', '23:00'),
(565, 6, 'Miaoli', '23:12'),
(565, 6, 'Taichung', '23:29'),
(565, 7, 'Nangang', '22:15'),
(565, 7, 'Taipei', '22:26'),
(565, 7, 'Banqiao', '22:35'),
(565, 7, 'Taoyuan', '22:48'),
(565, 7, 'Hsinchu', '23:00'),
(565, 7, 'Miaoli', '23:12'),
(565, 7, 'Taichung', '23:29'),
(567, 1, 'Nangang', '22:50'),
(567, 1, 'Taipei', '23:00'),
(567, 1, 'Banqiao', '23:08'),
(567, 1, 'Taoyuan', '23:21'),
(567, 1, 'Hsinchu', '23:32'),
(567, 1, 'Miaoli', '23:43'),
(567, 1, 'Taichung', '23:59'),
(567, 2, 'Nangang', '22:50'),
(567, 2, 'Taipei', '23:00'),
(567, 2, 'Banqiao', '23:08'),
(567, 2, 'Taoyuan', '23:21'),
(567, 2, 'Hsinchu', '23:32'),
(567, 2, 'Miaoli', '23:43'),
(567, 2, 'Taichung', '23:59'),
(567, 3, 'Nangang', '22:50'),
(567, 3, 'Taipei', '23:00'),
(567, 3, 'Banqiao', '23:08'),
(567, 3, 'Taoyuan', '23:21'),
(567, 3, 'Hsinchu', '23:32'),
(567, 3, 'Miaoli', '23:43'),
(567, 3, 'Taichung', '23:59'),
(567, 4, 'Nangang', '22:50'),
(567, 4, 'Taipei', '23:00'),
(567, 4, 'Banqiao', '23:08'),
(567, 4, 'Taoyuan', '23:21'),
(567, 4, 'Hsinchu', '23:32'),
(567, 4, 'Miaoli', '23:43'),
(567, 4, 'Taichung', '23:59'),
(567, 5, 'Nangang', '22:50'),
(567, 5, 'Taipei', '23:00'),
(567, 5, 'Banqiao', '23:08'),
(567, 5, 'Taoyuan', '23:21'),
(567, 5, 'Hsinchu', '23:32'),
(567, 5, 'Miaoli', '23:43'),
(567, 5, 'Taichung', '23:59'),
(583, 1, 'Taichung', '6:25'),
(583, 1, 'Changhua', '6:37'),
(583, 1, 'Yunlin', '6:47'),
(583, 1, 'Chiayi', '6:59'),
(583, 1, 'Tainan', '7:17'),
(583, 1, 'Zuoying', '7:30'),
(583, 3, 'Taichung', '6:25'),
(583, 3, 'Changhua', '6:37'),
(583, 3, 'Yunlin', '6:47'),
(583, 3, 'Chiayi', '6:59'),
(583, 3, 'Tainan', '7:17'),
(583, 3, 'Zuoying', '7:30'),
(583, 5, 'Taichung', '6:25'),
(583, 5, 'Changhua', '6:37'),
(583, 5, 'Yunlin', '6:47'),
(583, 5, 'Chiayi', '6:59'),
(583, 5, 'Tainan', '7:17'),
(583, 5, 'Zuoying', '7:30'),
(583, 7, 'Taichung', '6:25'),
(583, 7, 'Changhua', '6:37'),
(583, 7, 'Yunlin', '6:47'),
(583, 7, 'Chiayi', '6:59'),
(583, 7, 'Tainan', '7:17'),
(583, 7, 'Zuoying', '7:30'),
(603, 1, 'Nangang', '6:40'),
(603, 1, 'Taipei', '6:51'),
(603, 1, 'Banqiao', '7:00'),
(603, 1, 'Taoyuan', '7:15'),
(603, 1, 'Hsinchu', '7:27'),
(603, 1, 'Taichung', '7:53'),
(603, 1, 'Chiayi', '8:19'),
(603, 1, 'Tainan', '8:38'),
(603, 1, 'Zuoying', '8:50'),
(603, 2, 'Nangang', '6:40'),
(603, 2, 'Taipei', '6:51'),
(603, 2, 'Banqiao', '7:00'),
(603, 2, 'Taoyuan', '7:15'),
(603, 2, 'Hsinchu', '7:27'),
(603, 2, 'Taichung', '7:53'),
(603, 2, 'Chiayi', '8:19'),
(603, 2, 'Tainan', '8:38'),
(603, 2, 'Zuoying', '8:50'),
(603, 5, 'Nangang', '6:40'),
(603, 5, 'Taipei', '6:51'),
(603, 5, 'Banqiao', '7:00'),
(603, 5, 'Taoyuan', '7:15'),
(603, 5, 'Hsinchu', '7:27'),
(603, 5, 'Taichung', '7:53'),
(603, 5, 'Chiayi', '8:19'),
(603, 5, 'Tainan', '8:38'),
(603, 5, 'Zuoying', '8:50'),
(603, 6, 'Nangang', '6:40'),
(603, 6, 'Taipei', '6:51'),
(603, 6, 'Banqiao', '7:00'),
(603, 6, 'Taoyuan', '7:15'),
(603, 6, 'Hsinchu', '7:27'),
(603, 6, 'Taichung', '7:53'),
(603, 6, 'Chiayi', '8:19'),
(603, 6, 'Tainan', '8:38'),
(603, 6, 'Zuoying', '8:50'),
(603, 7, 'Nangang', '6:40'),
(603, 7, 'Taipei', '6:51'),
(603, 7, 'Banqiao', '7:00'),
(603, 7, 'Taoyuan', '7:15'),
(603, 7, 'Hsinchu', '7:27'),
(603, 7, 'Taichung', '7:53'),
(603, 7, 'Chiayi', '8:19'),
(603, 7, 'Tainan', '8:38'),
(603, 7, 'Zuoying', '8:50'),
(609, 1, 'Nangang', '7:35'),
(609, 1, 'Taipei', '7:46'),
(609, 1, 'Banqiao', '7:55'),
(609, 1, 'Taoyuan', '8:10'),
(609, 1, 'Hsinchu', '8:22'),
(609, 1, 'Taichung', '8:48'),
(609, 1, 'Chiayi', '9:14'),
(609, 1, 'Tainan', '9:33'),
(609, 1, 'Zuoying', '9:45'),
(609, 4, 'Nangang', '7:35'),
(609, 4, 'Taipei', '7:46'),
(609, 4, 'Banqiao', '7:55'),
(609, 4, 'Taoyuan', '8:10'),
(609, 4, 'Hsinchu', '8:22'),
(609, 4, 'Taichung', '8:48'),
(609, 4, 'Chiayi', '9:14'),
(609, 4, 'Tainan', '9:33'),
(609, 4, 'Zuoying', '9:45'),
(609, 6, 'Nangang', '7:35'),
(609, 6, 'Taipei', '7:46'),
(609, 6, 'Banqiao', '7:55'),
(609, 6, 'Taoyuan', '8:10'),
(609, 6, 'Hsinchu', '8:22'),
(609, 6, 'Taichung', '8:48'),
(609, 6, 'Chiayi', '9:14'),
(609, 6, 'Tainan', '9:33'),
(609, 6, 'Zuoying', '9:45'),
(609, 7, 'Nangang', '7:35'),
(609, 7, 'Taipei', '7:46'),
(609, 7, 'Banqiao', '7:55'),
(609, 7, 'Taoyuan', '8:10'),
(609, 7, 'Hsinchu', '8:22'),
(609, 7, 'Taichung', '8:48'),
(609, 7, 'Chiayi', '9:14'),
(609, 7, 'Tainan', '9:33'),
(609, 7, 'Zuoying', '9:45'),
(613, 1, 'Nangang', '8:10'),
(613, 1, 'Taipei', '8:21'),
(613, 1, 'Banqiao', '8:29'),
(613, 1, 'Taoyuan', '8:43'),
(613, 1, 'Hsinchu', '8:56'),
(613, 1, 'Taichung', '9:25'),
(613, 1, 'Chiayi', '9:50'),
(613, 1, 'Tainan', '10:07'),
(613, 1, 'Zuoying', '10:20'),
(613, 2, 'Nangang', '8:10'),
(613, 2, 'Taipei', '8:21'),
(613, 2, 'Banqiao', '8:29'),
(613, 2, 'Taoyuan', '8:43'),
(613, 2, 'Hsinchu', '8:56'),
(613, 2, 'Taichung', '9:25'),
(613, 2, 'Chiayi', '9:50'),
(613, 2, 'Tainan', '10:07'),
(613, 2, 'Zuoying', '10:20'),
(613, 4, 'Nangang', '8:10'),
(613, 4, 'Taipei', '8:21'),
(613, 4, 'Banqiao', '8:29'),
(613, 4, 'Taoyuan', '8:43'),
(613, 4, 'Hsinchu', '8:56'),
(613, 4, 'Taichung', '9:25'),
(613, 4, 'Chiayi', '9:50'),
(613, 4, 'Tainan', '10:07'),
(613, 4, 'Zuoying', '10:20'),
(613, 5, 'Nangang', '8:10'),
(613, 5, 'Taipei', '8:21'),
(613, 5, 'Banqiao', '8:29'),
(613, 5, 'Taoyuan', '8:43'),
(613, 5, 'Hsinchu', '8:56'),
(613, 5, 'Taichung', '9:25'),
(613, 5, 'Chiayi', '9:50'),
(613, 5, 'Tainan', '10:07'),
(613, 5, 'Zuoying', '10:20'),
(613, 6, 'Nangang', '8:10'),
(613, 6, 'Taipei', '8:21'),
(613, 6, 'Banqiao', '8:29'),
(613, 6, 'Taoyuan', '8:43'),
(613, 6, 'Hsinchu', '8:56'),
(613, 6, 'Taichung', '9:25'),
(613, 6, 'Chiayi', '9:50'),
(613, 6, 'Tainan', '10:07'),
(613, 6, 'Zuoying', '10:20'),
(613, 7, 'Nangang', '8:10'),
(613, 7, 'Taipei', '8:21'),
(613, 7, 'Banqiao', '8:29'),
(613, 7, 'Taoyuan', '8:43'),
(613, 7, 'Hsinchu', '8:56'),
(613, 7, 'Taichung', '9:25'),
(613, 7, 'Chiayi', '9:50'),
(613, 7, 'Tainan', '10:07'),
(613, 7, 'Zuoying', '10:20'),
(615, 1, 'Nangang', '8:35'),
(615, 1, 'Taipei', '8:46'),
(615, 1, 'Banqiao', '8:55'),
(615, 1, 'Taoyuan', '9:10'),
(615, 1, 'Hsinchu', '9:22'),
(615, 1, 'Taichung', '9:48'),
(615, 1, 'Chiayi', '10:14'),
(615, 1, 'Tainan', '10:33'),
(615, 1, 'Zuoying', '10:45'),
(615, 2, 'Nangang', '8:35'),
(615, 2, 'Taipei', '8:46'),
(615, 2, 'Banqiao', '8:55'),
(615, 2, 'Taoyuan', '9:10'),
(615, 2, 'Hsinchu', '9:22'),
(615, 2, 'Taichung', '9:48'),
(615, 2, 'Chiayi', '10:14'),
(615, 2, 'Tainan', '10:33'),
(615, 2, 'Zuoying', '10:45'),
(615, 3, 'Nangang', '8:35'),
(615, 3, 'Taipei', '8:46'),
(615, 3, 'Banqiao', '8:55'),
(615, 3, 'Taoyuan', '9:10'),
(615, 3, 'Hsinchu', '9:22'),
(615, 3, 'Taichung', '9:48'),
(615, 3, 'Chiayi', '10:14'),
(615, 3, 'Tainan', '10:33'),
(615, 3, 'Zuoying', '10:45'),
(615, 4, 'Nangang', '8:35'),
(615, 4, 'Taipei', '8:46'),
(615, 4, 'Banqiao', '8:55'),
(615, 4, 'Taoyuan', '9:10'),
(615, 4, 'Hsinchu', '9:22'),
(615, 4, 'Taichung', '9:48'),
(615, 4, 'Chiayi', '10:14'),
(615, 4, 'Tainan', '10:33'),
(615, 4, 'Zuoying', '10:45'),
(615, 5, 'Nangang', '8:35'),
(615, 5, 'Taipei', '8:46'),
(615, 5, 'Banqiao', '8:55'),
(615, 5, 'Taoyuan', '9:10'),
(615, 5, 'Hsinchu', '9:22'),
(615, 5, 'Taichung', '9:48'),
(615, 5, 'Chiayi', '10:14'),
(615, 5, 'Tainan', '10:33'),
(615, 5, 'Zuoying', '10:45'),
(615, 6, 'Nangang', '8:35'),
(615, 6, 'Taipei', '8:46'),
(615, 6, 'Banqiao', '8:55'),
(615, 6, 'Taoyuan', '9:10'),
(615, 6, 'Hsinchu', '9:22'),
(615, 6, 'Taichung', '9:48'),
(615, 6, 'Chiayi', '10:14'),
(615, 6, 'Tainan', '10:33'),
(615, 6, 'Zuoying', '10:45'),
(615, 7, 'Nangang', '8:35'),
(615, 7, 'Taipei', '8:46'),
(615, 7, 'Banqiao', '8:55'),
(615, 7, 'Taoyuan', '9:10'),
(615, 7, 'Hsinchu', '9:22'),
(615, 7, 'Taichung', '9:48'),
(615, 7, 'Chiayi', '10:14'),
(615, 7, 'Tainan', '10:33'),
(615, 7, 'Zuoying', '10:45'),
(619, 1, 'Nangang', '9:10'),
(619, 1, 'Taipei', '9:21'),
(619, 1, 'Banqiao', '9:29'),
(619, 1, 'Taoyuan', '9:43'),
(619, 1, 'Hsinchu', '9:56'),
(619, 1, 'Taichung', '10:25'),
(619, 1, 'Chiayi', '10:50'),
(619, 1, 'Tainan', '11:07'),
(619, 1, 'Zuoying', '11:20'),
(619, 2, 'Nangang', '9:10'),
(619, 2, 'Taipei', '9:21'),
(619, 2, 'Banqiao', '9:29'),
(619, 2, 'Taoyuan', '9:43'),
(619, 2, 'Hsinchu', '9:56'),
(619, 2, 'Taichung', '10:25'),
(619, 2, 'Chiayi', '10:50'),
(619, 2, 'Tainan', '11:07'),
(619, 2, 'Zuoying', '11:20'),
(619, 3, 'Nangang', '9:10'),
(619, 3, 'Taipei', '9:21'),
(619, 3, 'Banqiao', '9:29'),
(619, 3, 'Taoyuan', '9:43'),
(619, 3, 'Hsinchu', '9:56'),
(619, 3, 'Taichung', '10:25'),
(619, 3, 'Chiayi', '10:50'),
(619, 3, 'Tainan', '11:07'),
(619, 3, 'Zuoying', '11:20'),
(619, 4, 'Nangang', '9:10'),
(619, 4, 'Taipei', '9:21'),
(619, 4, 'Banqiao', '9:29'),
(619, 4, 'Taoyuan', '9:43'),
(619, 4, 'Hsinchu', '9:56'),
(619, 4, 'Taichung', '10:25'),
(619, 4, 'Chiayi', '10:50'),
(619, 4, 'Tainan', '11:07'),
(619, 4, 'Zuoying', '11:20'),
(619, 5, 'Nangang', '9:10'),
(619, 5, 'Taipei', '9:21'),
(619, 5, 'Banqiao', '9:29'),
(619, 5, 'Taoyuan', '9:43'),
(619, 5, 'Hsinchu', '9:56'),
(619, 5, 'Taichung', '10:25'),
(619, 5, 'Chiayi', '10:50'),
(619, 5, 'Tainan', '11:07'),
(619, 5, 'Zuoying', '11:20'),
(621, 1, 'Nangang', '9:35'),
(621, 1, 'Taipei', '9:46'),
(621, 1, 'Banqiao', '9:55'),
(621, 1, 'Taoyuan', '10:10'),
(621, 1, 'Hsinchu', '10:22'),
(621, 1, 'Taichung', '10:48'),
(621, 1, 'Chiayi', '11:14'),
(621, 1, 'Tainan', '11:33'),
(621, 1, 'Zuoying', '11:45'),
(621, 2, 'Nangang', '9:35'),
(621, 2, 'Taipei', '9:46'),
(621, 2, 'Banqiao', '9:55'),
(621, 2, 'Taoyuan', '10:10'),
(621, 2, 'Hsinchu', '10:22'),
(621, 2, 'Taichung', '10:48'),
(621, 2, 'Chiayi', '11:14'),
(621, 2, 'Tainan', '11:33'),
(621, 2, 'Zuoying', '11:45'),
(621, 3, 'Nangang', '9:35'),
(621, 3, 'Taipei', '9:46'),
(621, 3, 'Banqiao', '9:55'),
(621, 3, 'Taoyuan', '10:10'),
(621, 3, 'Hsinchu', '10:22'),
(621, 3, 'Taichung', '10:48'),
(621, 3, 'Chiayi', '11:14'),
(621, 3, 'Tainan', '11:33'),
(621, 3, 'Zuoying', '11:45'),
(621, 4, 'Nangang', '9:35'),
(621, 4, 'Taipei', '9:46'),
(621, 4, 'Banqiao', '9:55'),
(621, 4, 'Taoyuan', '10:10'),
(621, 4, 'Hsinchu', '10:22'),
(621, 4, 'Taichung', '10:48'),
(621, 4, 'Chiayi', '11:14'),
(621, 4, 'Tainan', '11:33'),
(621, 4, 'Zuoying', '11:45'),
(621, 5, 'Nangang', '9:35'),
(621, 5, 'Taipei', '9:46'),
(621, 5, 'Banqiao', '9:55'),
(621, 5, 'Taoyuan', '10:10'),
(621, 5, 'Hsinchu', '10:22'),
(621, 5, 'Taichung', '10:48'),
(621, 5, 'Chiayi', '11:14'),
(621, 5, 'Tainan', '11:33'),
(621, 5, 'Zuoying', '11:45'),
(625, 1, 'Nangang', '10:10'),
(625, 1, 'Taipei', '10:21'),
(625, 1, 'Banqiao', '10:29'),
(625, 1, 'Taoyuan', '10:43'),
(625, 1, 'Hsinchu', '10:56'),
(625, 1, 'Taichung', '11:25'),
(625, 1, 'Chiayi', '11:50'),
(625, 1, 'Tainan', '12:07'),
(625, 1, 'Zuoying', '12:20'),
(625, 2, 'Nangang', '10:10'),
(625, 2, 'Taipei', '10:21'),
(625, 2, 'Banqiao', '10:29'),
(625, 2, 'Taoyuan', '10:43'),
(625, 2, 'Hsinchu', '10:56'),
(625, 2, 'Taichung', '11:25'),
(625, 2, 'Chiayi', '11:50'),
(625, 2, 'Tainan', '12:07'),
(625, 2, 'Zuoying', '12:20'),
(625, 4, 'Nangang', '10:10'),
(625, 4, 'Taipei', '10:21'),
(625, 4, 'Banqiao', '10:29'),
(625, 4, 'Taoyuan', '10:43'),
(625, 4, 'Hsinchu', '10:56'),
(625, 4, 'Taichung', '11:25'),
(625, 4, 'Chiayi', '11:50'),
(625, 4, 'Tainan', '12:07'),
(625, 4, 'Zuoying', '12:20'),
(625, 5, 'Nangang', '10:10'),
(625, 5, 'Taipei', '10:21'),
(625, 5, 'Banqiao', '10:29'),
(625, 5, 'Taoyuan', '10:43'),
(625, 5, 'Hsinchu', '10:56'),
(625, 5, 'Taichung', '11:25'),
(625, 5, 'Chiayi', '11:50'),
(625, 5, 'Tainan', '12:07'),
(625, 5, 'Zuoying', '12:20'),
(625, 6, 'Nangang', '10:10'),
(625, 6, 'Taipei', '10:21'),
(625, 6, 'Banqiao', '10:29'),
(625, 6, 'Taoyuan', '10:43'),
(625, 6, 'Hsinchu', '10:56'),
(625, 6, 'Taichung', '11:25'),
(625, 6, 'Chiayi', '11:50'),
(625, 6, 'Tainan', '12:07'),
(625, 6, 'Zuoying', '12:20'),
(625, 7, 'Nangang', '10:10'),
(625, 7, 'Taipei', '10:21'),
(625, 7, 'Banqiao', '10:29'),
(625, 7, 'Taoyuan', '10:43'),
(625, 7, 'Hsinchu', '10:56'),
(625, 7, 'Taichung', '11:25'),
(625, 7, 'Chiayi', '11:50'),
(625, 7, 'Tainan', '12:07'),
(625, 7, 'Zuoying', '12:20'),
(627, 1, 'Nangang', '10:35'),
(627, 1, 'Taipei', '10:46'),
(627, 1, 'Banqiao', '10:55'),
(627, 1, 'Taoyuan', '11:10'),
(627, 1, 'Hsinchu', '11:22'),
(627, 1, 'Taichung', '11:48'),
(627, 1, 'Chiayi', '12:14'),
(627, 1, 'Tainan', '12:33'),
(627, 1, 'Zuoying', '12:45'),
(627, 3, 'Nangang', '10:35'),
(627, 3, 'Taipei', '10:46'),
(627, 3, 'Banqiao', '10:55'),
(627, 3, 'Taoyuan', '11:10'),
(627, 3, 'Hsinchu', '11:22'),
(627, 3, 'Taichung', '11:48'),
(627, 3, 'Chiayi', '12:14'),
(627, 3, 'Tainan', '12:33'),
(627, 3, 'Zuoying', '12:45'),
(627, 5, 'Nangang', '10:35'),
(627, 5, 'Taipei', '10:46'),
(627, 5, 'Banqiao', '10:55'),
(627, 5, 'Taoyuan', '11:10'),
(627, 5, 'Hsinchu', '11:22'),
(627, 5, 'Taichung', '11:48'),
(627, 5, 'Chiayi', '12:14'),
(627, 5, 'Tainan', '12:33'),
(627, 5, 'Zuoying', '12:45'),
(633, 6, 'Nangang', '11:35'),
(633, 6, 'Taipei', '11:46'),
(633, 6, 'Banqiao', '11:55'),
(633, 6, 'Taoyuan', '12:10'),
(633, 6, 'Hsinchu', '12:22'),
(633, 6, 'Taichung', '12:48'),
(633, 6, 'Chiayi', '13:14'),
(633, 6, 'Tainan', '13:33'),
(633, 6, 'Zuoying', '13:45'),
(633, 7, 'Nangang', '11:35'),
(633, 7, 'Taipei', '11:46'),
(633, 7, 'Banqiao', '11:55'),
(633, 7, 'Taoyuan', '12:10'),
(633, 7, 'Hsinchu', '12:22'),
(633, 7, 'Taichung', '12:48'),
(633, 7, 'Chiayi', '13:14'),
(633, 7, 'Tainan', '13:33'),
(633, 7, 'Zuoying', '13:45'),
(639, 6, 'Nangang', '12:35'),
(639, 6, 'Taipei', '12:46'),
(639, 6, 'Banqiao', '12:55'),
(639, 6, 'Taoyuan', '13:10'),
(639, 6, 'Hsinchu', '13:22'),
(639, 6, 'Taichung', '13:48'),
(639, 6, 'Chiayi', '14:14'),
(639, 6, 'Tainan', '14:33'),
(639, 6, 'Zuoying', '14:45'),
(639, 7, 'Nangang', '12:35'),
(639, 7, 'Taipei', '12:46'),
(639, 7, 'Banqiao', '12:55'),
(639, 7, 'Taoyuan', '13:10'),
(639, 7, 'Hsinchu', '13:22'),
(639, 7, 'Taichung', '13:48'),
(639, 7, 'Chiayi', '14:14'),
(639, 7, 'Tainan', '14:33'),
(639, 7, 'Zuoying', '14:45'),
(645, 5, 'Nangang', '13:35'),
(645, 5, 'Taipei', '13:46'),
(645, 5, 'Banqiao', '13:55'),
(645, 5, 'Taoyuan', '14:10'),
(645, 5, 'Hsinchu', '14:22'),
(645, 5, 'Taichung', '14:48'),
(645, 5, 'Chiayi', '15:14'),
(645, 5, 'Tainan', '15:33'),
(645, 5, 'Zuoying', '15:45'),
(645, 6, 'Nangang', '13:35'),
(645, 6, 'Taipei', '13:46'),
(645, 6, 'Banqiao', '13:55'),
(645, 6, 'Taoyuan', '14:10'),
(645, 6, 'Hsinchu', '14:22'),
(645, 6, 'Taichung', '14:48'),
(645, 6, 'Chiayi', '15:14'),
(645, 6, 'Tainan', '15:33'),
(645, 6, 'Zuoying', '15:45'),
(645, 7, 'Nangang', '13:35'),
(645, 7, 'Taipei', '13:46'),
(645, 7, 'Banqiao', '13:55'),
(645, 7, 'Taoyuan', '14:10'),
(645, 7, 'Hsinchu', '14:22'),
(645, 7, 'Taichung', '14:48'),
(645, 7, 'Chiayi', '15:14'),
(645, 7, 'Tainan', '15:33'),
(645, 7, 'Zuoying', '15:45'),
(651, 1, 'Nangang', '14:35'),
(651, 1, 'Taipei', '14:46'),
(651, 1, 'Banqiao', '14:55'),
(651, 1, 'Taoyuan', '15:10'),
(651, 1, 'Hsinchu', '15:22'),
(651, 1, 'Taichung', '15:48'),
(651, 1, 'Chiayi', '16:14'),
(651, 1, 'Tainan', '16:33'),
(651, 1, 'Zuoying', '16:45'),
(651, 2, 'Nangang', '14:35'),
(651, 2, 'Taipei', '14:46'),
(651, 2, 'Banqiao', '14:55'),
(651, 2, 'Taoyuan', '15:10'),
(651, 2, 'Hsinchu', '15:22'),
(651, 2, 'Taichung', '15:48'),
(651, 2, 'Chiayi', '16:14'),
(651, 2, 'Tainan', '16:33'),
(651, 2, 'Zuoying', '16:45'),
(651, 3, 'Nangang', '14:35'),
(651, 3, 'Taipei', '14:46'),
(651, 3, 'Banqiao', '14:55'),
(651, 3, 'Taoyuan', '15:10'),
(651, 3, 'Hsinchu', '15:22'),
(651, 3, 'Taichung', '15:48'),
(651, 3, 'Chiayi', '16:14'),
(651, 3, 'Tainan', '16:33'),
(651, 3, 'Zuoying', '16:45'),
(651, 4, 'Nangang', '14:35'),
(651, 4, 'Taipei', '14:46'),
(651, 4, 'Banqiao', '14:55'),
(651, 4, 'Taoyuan', '15:10'),
(651, 4, 'Hsinchu', '15:22'),
(651, 4, 'Taichung', '15:48'),
(651, 4, 'Chiayi', '16:14'),
(651, 4, 'Tainan', '16:33'),
(651, 4, 'Zuoying', '16:45'),
(651, 5, 'Nangang', '14:35'),
(651, 5, 'Taipei', '14:46'),
(651, 5, 'Banqiao', '14:55'),
(651, 5, 'Taoyuan', '15:10'),
(651, 5, 'Hsinchu', '15:22'),
(651, 5, 'Taichung', '15:48'),
(651, 5, 'Chiayi', '16:14'),
(651, 5, 'Tainan', '16:33'),
(651, 5, 'Zuoying', '16:45'),
(651, 6, 'Nangang', '14:35'),
(651, 6, 'Taipei', '14:46'),
(651, 6, 'Banqiao', '14:55'),
(651, 6, 'Taoyuan', '15:10'),
(651, 6, 'Hsinchu', '15:22'),
(651, 6, 'Taichung', '15:48'),
(651, 6, 'Chiayi', '16:14'),
(651, 6, 'Tainan', '16:33'),
(651, 6, 'Zuoying', '16:45'),
(651, 7, 'Nangang', '14:35'),
(651, 7, 'Taipei', '14:46'),
(651, 7, 'Banqiao', '14:55'),
(651, 7, 'Taoyuan', '15:10'),
(651, 7, 'Hsinchu', '15:22'),
(651, 7, 'Taichung', '15:48'),
(651, 7, 'Chiayi', '16:14'),
(651, 7, 'Tainan', '16:33'),
(651, 7, 'Zuoying', '16:45'),
(657, 1, 'Nangang', '15:35'),
(657, 1, 'Taipei', '15:46'),
(657, 1, 'Banqiao', '15:55'),
(657, 1, 'Taoyuan', '16:10'),
(657, 1, 'Hsinchu', '16:22'),
(657, 1, 'Taichung', '16:48'),
(657, 1, 'Chiayi', '17:14'),
(657, 1, 'Tainan', '17:33'),
(657, 1, 'Zuoying', '17:45'),
(657, 2, 'Nangang', '15:35'),
(657, 2, 'Taipei', '15:46'),
(657, 2, 'Banqiao', '15:55'),
(657, 2, 'Taoyuan', '16:10'),
(657, 2, 'Hsinchu', '16:22'),
(657, 2, 'Taichung', '16:48'),
(657, 2, 'Chiayi', '17:14'),
(657, 2, 'Tainan', '17:33'),
(657, 2, 'Zuoying', '17:45'),
(657, 3, 'Nangang', '15:35'),
(657, 3, 'Taipei', '15:46'),
(657, 3, 'Banqiao', '15:55'),
(657, 3, 'Taoyuan', '16:10'),
(657, 3, 'Hsinchu', '16:22'),
(657, 3, 'Taichung', '16:48'),
(657, 3, 'Chiayi', '17:14'),
(657, 3, 'Tainan', '17:33'),
(657, 3, 'Zuoying', '17:45'),
(657, 4, 'Nangang', '15:35'),
(657, 4, 'Taipei', '15:46'),
(657, 4, 'Banqiao', '15:55'),
(657, 4, 'Taoyuan', '16:10'),
(657, 4, 'Hsinchu', '16:22'),
(657, 4, 'Taichung', '16:48'),
(657, 4, 'Chiayi', '17:14'),
(657, 4, 'Tainan', '17:33'),
(657, 4, 'Zuoying', '17:45'),
(657, 5, 'Nangang', '15:35'),
(657, 5, 'Taipei', '15:46'),
(657, 5, 'Banqiao', '15:55'),
(657, 5, 'Taoyuan', '16:10'),
(657, 5, 'Hsinchu', '16:22'),
(657, 5, 'Taichung', '16:48'),
(657, 5, 'Chiayi', '17:14'),
(657, 5, 'Tainan', '17:33'),
(657, 5, 'Zuoying', '17:45'),
(657, 6, 'Nangang', '15:35'),
(657, 6, 'Taipei', '15:46'),
(657, 6, 'Banqiao', '15:55'),
(657, 6, 'Taoyuan', '16:10'),
(657, 6, 'Hsinchu', '16:22'),
(657, 6, 'Taichung', '16:48'),
(657, 6, 'Chiayi', '17:14'),
(657, 6, 'Tainan', '17:33'),
(657, 6, 'Zuoying', '17:45'),
(657, 7, 'Nangang', '15:35'),
(657, 7, 'Taipei', '15:46'),
(657, 7, 'Banqiao', '15:55'),
(657, 7, 'Taoyuan', '16:10'),
(657, 7, 'Hsinchu', '16:22'),
(657, 7, 'Taichung', '16:48'),
(657, 7, 'Chiayi', '17:14'),
(657, 7, 'Tainan', '17:33'),
(657, 7, 'Zuoying', '17:45'),
(661, 1, 'Nangang', '16:10'),
(661, 1, 'Taipei', '16:21'),
(661, 1, 'Banqiao', '16:29'),
(661, 1, 'Taoyuan', '16:43'),
(661, 1, 'Hsinchu', '16:56'),
(661, 1, 'Taichung', '17:25'),
(661, 1, 'Chiayi', '17:50'),
(661, 1, 'Tainan', '18:07'),
(661, 1, 'Zuoying', '18:20'),
(661, 2, 'Nangang', '16:10'),
(661, 2, 'Taipei', '16:21'),
(661, 2, 'Banqiao', '16:29'),
(661, 2, 'Taoyuan', '16:43'),
(661, 2, 'Hsinchu', '16:56'),
(661, 2, 'Taichung', '17:25'),
(661, 2, 'Chiayi', '17:50'),
(661, 2, 'Tainan', '18:07'),
(661, 2, 'Zuoying', '18:20'),
(661, 3, 'Nangang', '16:10'),
(661, 3, 'Taipei', '16:21'),
(661, 3, 'Banqiao', '16:29'),
(661, 3, 'Taoyuan', '16:43'),
(661, 3, 'Hsinchu', '16:56'),
(661, 3, 'Taichung', '17:25'),
(661, 3, 'Chiayi', '17:50'),
(661, 3, 'Tainan', '18:07'),
(661, 3, 'Zuoying', '18:20'),
(661, 4, 'Nangang', '16:10'),
(661, 4, 'Taipei', '16:21'),
(661, 4, 'Banqiao', '16:29'),
(661, 4, 'Taoyuan', '16:43'),
(661, 4, 'Hsinchu', '16:56'),
(661, 4, 'Taichung', '17:25'),
(661, 4, 'Chiayi', '17:50'),
(661, 4, 'Tainan', '18:07'),
(661, 4, 'Zuoying', '18:20'),
(661, 5, 'Nangang', '16:10'),
(661, 5, 'Taipei', '16:21'),
(661, 5, 'Banqiao', '16:29'),
(661, 5, 'Taoyuan', '16:43'),
(661, 5, 'Hsinchu', '16:56'),
(661, 5, 'Taichung', '17:25'),
(661, 5, 'Chiayi', '17:50'),
(661, 5, 'Tainan', '18:07'),
(661, 5, 'Zuoying', '18:20'),
(663, 1, 'Nangang', '16:35'),
(663, 1, 'Taipei', '16:46'),
(663, 1, 'Banqiao', '16:55'),
(663, 1, 'Taoyuan', '17:10'),
(663, 1, 'Hsinchu', '17:22'),
(663, 1, 'Taichung', '17:48'),
(663, 1, 'Chiayi', '18:14'),
(663, 1, 'Tainan', '18:33'),
(663, 1, 'Zuoying', '18:45'),
(663, 2, 'Nangang', '16:35'),
(663, 2, 'Taipei', '16:46'),
(663, 2, 'Banqiao', '16:55'),
(663, 2, 'Taoyuan', '17:10'),
(663, 2, 'Hsinchu', '17:22'),
(663, 2, 'Taichung', '17:48'),
(663, 2, 'Chiayi', '18:14'),
(663, 2, 'Tainan', '18:33'),
(663, 2, 'Zuoying', '18:45'),
(663, 3, 'Nangang', '16:35'),
(663, 3, 'Taipei', '16:46'),
(663, 3, 'Banqiao', '16:55'),
(663, 3, 'Taoyuan', '17:10'),
(663, 3, 'Hsinchu', '17:22'),
(663, 3, 'Taichung', '17:48'),
(663, 3, 'Chiayi', '18:14'),
(663, 3, 'Tainan', '18:33'),
(663, 3, 'Zuoying', '18:45'),
(663, 4, 'Nangang', '16:35'),
(663, 4, 'Taipei', '16:46'),
(663, 4, 'Banqiao', '16:55'),
(663, 4, 'Taoyuan', '17:10'),
(663, 4, 'Hsinchu', '17:22'),
(663, 4, 'Taichung', '17:48'),
(663, 4, 'Chiayi', '18:14'),
(663, 4, 'Tainan', '18:33'),
(663, 4, 'Zuoying', '18:45'),
(663, 5, 'Nangang', '16:35'),
(663, 5, 'Taipei', '16:46'),
(663, 5, 'Banqiao', '16:55'),
(663, 5, 'Taoyuan', '17:10'),
(663, 5, 'Hsinchu', '17:22'),
(663, 5, 'Taichung', '17:48'),
(663, 5, 'Chiayi', '18:14'),
(663, 5, 'Tainan', '18:33'),
(663, 5, 'Zuoying', '18:45'),
(663, 6, 'Nangang', '16:35'),
(663, 6, 'Taipei', '16:46'),
(663, 6, 'Banqiao', '16:55'),
(663, 6, 'Taoyuan', '17:10'),
(663, 6, 'Hsinchu', '17:22'),
(663, 6, 'Taichung', '17:48'),
(663, 6, 'Chiayi', '18:14'),
(663, 6, 'Tainan', '18:33'),
(663, 6, 'Zuoying', '18:45'),
(663, 7, 'Nangang', '16:35'),
(663, 7, 'Taipei', '16:46'),
(663, 7, 'Banqiao', '16:55'),
(663, 7, 'Taoyuan', '17:10'),
(663, 7, 'Hsinchu', '17:22'),
(663, 7, 'Taichung', '17:48'),
(663, 7, 'Chiayi', '18:14'),
(663, 7, 'Tainan', '18:33'),
(663, 7, 'Zuoying', '18:45'),
(667, 1, 'Nangang', '17:10'),
(667, 1, 'Taipei', '17:21'),
(667, 1, 'Banqiao', '17:29'),
(667, 1, 'Taoyuan', '17:43'),
(667, 1, 'Hsinchu', '17:56'),
(667, 1, 'Taichung', '18:25'),
(667, 1, 'Chiayi', '18:50'),
(667, 1, 'Tainan', '19:07'),
(667, 1, 'Zuoying', '19:20'),
(667, 2, 'Nangang', '17:10'),
(667, 2, 'Taipei', '17:21'),
(667, 2, 'Banqiao', '17:29'),
(667, 2, 'Taoyuan', '17:43'),
(667, 2, 'Hsinchu', '17:56'),
(667, 2, 'Taichung', '18:25'),
(667, 2, 'Chiayi', '18:50'),
(667, 2, 'Tainan', '19:07'),
(667, 2, 'Zuoying', '19:20'),
(667, 3, 'Nangang', '17:10'),
(667, 3, 'Taipei', '17:21'),
(667, 3, 'Banqiao', '17:29'),
(667, 3, 'Taoyuan', '17:43'),
(667, 3, 'Hsinchu', '17:56'),
(667, 3, 'Taichung', '18:25'),
(667, 3, 'Chiayi', '18:50'),
(667, 3, 'Tainan', '19:07'),
(667, 3, 'Zuoying', '19:20'),
(667, 4, 'Nangang', '17:10'),
(667, 4, 'Taipei', '17:21'),
(667, 4, 'Banqiao', '17:29'),
(667, 4, 'Taoyuan', '17:43'),
(667, 4, 'Hsinchu', '17:56'),
(667, 4, 'Taichung', '18:25'),
(667, 4, 'Chiayi', '18:50'),
(667, 4, 'Tainan', '19:07'),
(667, 4, 'Zuoying', '19:20'),
(667, 5, 'Nangang', '17:10'),
(667, 5, 'Taipei', '17:21'),
(667, 5, 'Banqiao', '17:29'),
(667, 5, 'Taoyuan', '17:43'),
(667, 5, 'Hsinchu', '17:56'),
(667, 5, 'Taichung', '18:25'),
(667, 5, 'Chiayi', '18:50'),
(667, 5, 'Tainan', '19:07'),
(667, 5, 'Zuoying', '19:20'),
(667, 6, 'Nangang', '17:10'),
(667, 6, 'Taipei', '17:21'),
(667, 6, 'Banqiao', '17:29'),
(667, 6, 'Taoyuan', '17:43'),
(667, 6, 'Hsinchu', '17:56'),
(667, 6, 'Taichung', '18:25'),
(667, 6, 'Chiayi', '18:50'),
(667, 6, 'Tainan', '19:07'),
(667, 6, 'Zuoying', '19:20'),
(667, 7, 'Nangang', '17:10'),
(667, 7, 'Taipei', '17:21'),
(667, 7, 'Banqiao', '17:29'),
(667, 7, 'Taoyuan', '17:43'),
(667, 7, 'Hsinchu', '17:56'),
(667, 7, 'Taichung', '18:25'),
(667, 7, 'Chiayi', '18:50'),
(667, 7, 'Tainan', '19:07'),
(667, 7, 'Zuoying', '19:20'),
(669, 1, 'Nangang', '17:35'),
(669, 1, 'Taipei', '17:46'),
(669, 1, 'Banqiao', '17:55'),
(669, 1, 'Taoyuan', '18:10'),
(669, 1, 'Hsinchu', '18:22'),
(669, 1, 'Taichung', '18:48'),
(669, 1, 'Chiayi', '19:14'),
(669, 1, 'Tainan', '19:33'),
(669, 1, 'Zuoying', '19:45'),
(669, 2, 'Nangang', '17:35'),
(669, 2, 'Taipei', '17:46'),
(669, 2, 'Banqiao', '17:55'),
(669, 2, 'Taoyuan', '18:10'),
(669, 2, 'Hsinchu', '18:22'),
(669, 2, 'Taichung', '18:48'),
(669, 2, 'Chiayi', '19:14'),
(669, 2, 'Tainan', '19:33'),
(669, 2, 'Zuoying', '19:45'),
(669, 3, 'Nangang', '17:35'),
(669, 3, 'Taipei', '17:46'),
(669, 3, 'Banqiao', '17:55'),
(669, 3, 'Taoyuan', '18:10'),
(669, 3, 'Hsinchu', '18:22'),
(669, 3, 'Taichung', '18:48'),
(669, 3, 'Chiayi', '19:14'),
(669, 3, 'Tainan', '19:33'),
(669, 3, 'Zuoying', '19:45'),
(669, 4, 'Nangang', '17:35'),
(669, 4, 'Taipei', '17:46'),
(669, 4, 'Banqiao', '17:55'),
(669, 4, 'Taoyuan', '18:10'),
(669, 4, 'Hsinchu', '18:22'),
(669, 4, 'Taichung', '18:48'),
(669, 4, 'Chiayi', '19:14'),
(669, 4, 'Tainan', '19:33'),
(669, 4, 'Zuoying', '19:45'),
(669, 5, 'Nangang', '17:35'),
(669, 5, 'Taipei', '17:46'),
(669, 5, 'Banqiao', '17:55'),
(669, 5, 'Taoyuan', '18:10'),
(669, 5, 'Hsinchu', '18:22'),
(669, 5, 'Taichung', '18:48'),
(669, 5, 'Chiayi', '19:14'),
(669, 5, 'Tainan', '19:33'),
(669, 5, 'Zuoying', '19:45'),
(669, 6, 'Nangang', '17:35'),
(669, 6, 'Taipei', '17:46'),
(669, 6, 'Banqiao', '17:55'),
(669, 6, 'Taoyuan', '18:10'),
(669, 6, 'Hsinchu', '18:22'),
(669, 6, 'Taichung', '18:48'),
(669, 6, 'Chiayi', '19:14'),
(669, 6, 'Tainan', '19:33'),
(669, 6, 'Zuoying', '19:45'),
(669, 7, 'Nangang', '17:35'),
(669, 7, 'Taipei', '17:46'),
(669, 7, 'Banqiao', '17:55'),
(669, 7, 'Taoyuan', '18:10'),
(669, 7, 'Hsinchu', '18:22'),
(669, 7, 'Taichung', '18:48'),
(669, 7, 'Chiayi', '19:14'),
(669, 7, 'Tainan', '19:33'),
(669, 7, 'Zuoying', '19:45'),
(673, 1, 'Nangang', '18:10'),
(673, 1, 'Taipei', '18:21'),
(673, 1, 'Banqiao', '18:29'),
(673, 1, 'Taoyuan', '18:43'),
(673, 1, 'Hsinchu', '18:56'),
(673, 1, 'Taichung', '19:25'),
(673, 1, 'Chiayi', '19:50'),
(673, 1, 'Tainan', '20:07'),
(673, 1, 'Zuoying', '20:20'),
(673, 2, 'Nangang', '18:10'),
(673, 2, 'Taipei', '18:21'),
(673, 2, 'Banqiao', '18:29'),
(673, 2, 'Taoyuan', '18:43'),
(673, 2, 'Hsinchu', '18:56'),
(673, 2, 'Taichung', '19:25'),
(673, 2, 'Chiayi', '19:50'),
(673, 2, 'Tainan', '20:07'),
(673, 2, 'Zuoying', '20:20'),
(673, 3, 'Nangang', '18:10'),
(673, 3, 'Taipei', '18:21'),
(673, 3, 'Banqiao', '18:29'),
(673, 3, 'Taoyuan', '18:43'),
(673, 3, 'Hsinchu', '18:56'),
(673, 3, 'Taichung', '19:25'),
(673, 3, 'Chiayi', '19:50'),
(673, 3, 'Tainan', '20:07'),
(673, 3, 'Zuoying', '20:20'),
(673, 4, 'Nangang', '18:10'),
(673, 4, 'Taipei', '18:21'),
(673, 4, 'Banqiao', '18:29'),
(673, 4, 'Taoyuan', '18:43'),
(673, 4, 'Hsinchu', '18:56'),
(673, 4, 'Taichung', '19:25'),
(673, 4, 'Chiayi', '19:50'),
(673, 4, 'Tainan', '20:07'),
(673, 4, 'Zuoying', '20:20'),
(673, 5, 'Nangang', '18:10'),
(673, 5, 'Taipei', '18:21'),
(673, 5, 'Banqiao', '18:29'),
(673, 5, 'Taoyuan', '18:43'),
(673, 5, 'Hsinchu', '18:56'),
(673, 5, 'Taichung', '19:25'),
(673, 5, 'Chiayi', '19:50'),
(673, 5, 'Tainan', '20:07'),
(673, 5, 'Zuoying', '20:20'),
(675, 1, 'Nangang', '18:35'),
(675, 1, 'Taipei', '18:46'),
(675, 1, 'Banqiao', '18:55'),
(675, 1, 'Taoyuan', '19:10'),
(675, 1, 'Hsinchu', '19:22'),
(675, 1, 'Taichung', '19:48'),
(675, 1, 'Chiayi', '20:14'),
(675, 1, 'Tainan', '20:33'),
(675, 1, 'Zuoying', '20:45'),
(675, 3, 'Nangang', '18:35'),
(675, 3, 'Taipei', '18:46'),
(675, 3, 'Banqiao', '18:55'),
(675, 3, 'Taoyuan', '19:10'),
(675, 3, 'Hsinchu', '19:22'),
(675, 3, 'Taichung', '19:48'),
(675, 3, 'Chiayi', '20:14'),
(675, 3, 'Tainan', '20:33'),
(675, 3, 'Zuoying', '20:45'),
(675, 5, 'Nangang', '18:35'),
(675, 5, 'Taipei', '18:46'),
(675, 5, 'Banqiao', '18:55'),
(675, 5, 'Taoyuan', '19:10'),
(675, 5, 'Hsinchu', '19:22'),
(675, 5, 'Taichung', '19:48'),
(675, 5, 'Chiayi', '20:14'),
(675, 5, 'Tainan', '20:33'),
(675, 5, 'Zuoying', '20:45'),
(675, 7, 'Nangang', '18:35'),
(675, 7, 'Taipei', '18:46'),
(675, 7, 'Banqiao', '18:55'),
(675, 7, 'Taoyuan', '19:10'),
(675, 7, 'Hsinchu', '19:22'),
(675, 7, 'Taichung', '19:48'),
(675, 7, 'Chiayi', '20:14'),
(675, 7, 'Tainan', '20:33'),
(675, 7, 'Zuoying', '20:45'),
(681, 1, 'Nangang', '19:35'),
(681, 1, 'Taipei', '19:46'),
(681, 1, 'Banqiao', '19:55'),
(681, 1, 'Taoyuan', '20:10'),
(681, 1, 'Hsinchu', '20:22'),
(681, 1, 'Taichung', '20:48'),
(681, 1, 'Chiayi', '21:14'),
(681, 1, 'Tainan', '21:33'),
(681, 1, 'Zuoying', '21:45'),
(681, 2, 'Nangang', '19:35'),
(681, 2, 'Taipei', '19:46'),
(681, 2, 'Banqiao', '19:55'),
(681, 2, 'Taoyuan', '20:10'),
(681, 2, 'Hsinchu', '20:22'),
(681, 2, 'Taichung', '20:48'),
(681, 2, 'Chiayi', '21:14'),
(681, 2, 'Tainan', '21:33'),
(681, 2, 'Zuoying', '21:45'),
(681, 5, 'Nangang', '19:35'),
(681, 5, 'Taipei', '19:46'),
(681, 5, 'Banqiao', '19:55'),
(681, 5, 'Taoyuan', '20:10'),
(681, 5, 'Hsinchu', '20:22'),
(681, 5, 'Taichung', '20:48'),
(681, 5, 'Chiayi', '21:14'),
(681, 5, 'Tainan', '21:33'),
(681, 5, 'Zuoying', '21:45'),
(681, 6, 'Nangang', '19:35'),
(681, 6, 'Taipei', '19:46'),
(681, 6, 'Banqiao', '19:55'),
(681, 6, 'Taoyuan', '20:10'),
(681, 6, 'Hsinchu', '20:22'),
(681, 6, 'Taichung', '20:48'),
(681, 6, 'Chiayi', '21:14'),
(681, 6, 'Tainan', '21:33'),
(681, 6, 'Zuoying', '21:45'),
(681, 7, 'Nangang', '19:35'),
(681, 7, 'Taipei', '19:46'),
(681, 7, 'Banqiao', '19:55'),
(681, 7, 'Taoyuan', '20:10'),
(681, 7, 'Hsinchu', '20:22'),
(681, 7, 'Taichung', '20:48'),
(681, 7, 'Chiayi', '21:14'),
(681, 7, 'Tainan', '21:33'),
(681, 7, 'Zuoying', '21:45'),
(687, 1, 'Nangang', '20:35'),
(687, 1, 'Taipei', '20:46'),
(687, 1, 'Banqiao', '20:55'),
(687, 1, 'Taoyuan', '21:10'),
(687, 1, 'Hsinchu', '21:22'),
(687, 1, 'Taichung', '21:48'),
(687, 1, 'Chiayi', '22:14'),
(687, 1, 'Tainan', '22:33'),
(687, 1, 'Zuoying', '22:45'),
(687, 4, 'Nangang', '20:35'),
(687, 4, 'Taipei', '20:46'),
(687, 4, 'Banqiao', '20:55'),
(687, 4, 'Taoyuan', '21:10'),
(687, 4, 'Hsinchu', '21:22'),
(687, 4, 'Taichung', '21:48'),
(687, 4, 'Chiayi', '22:14'),
(687, 4, 'Tainan', '22:33'),
(687, 4, 'Zuoying', '22:45'),
(687, 6, 'Nangang', '20:35'),
(687, 6, 'Taipei', '20:46'),
(687, 6, 'Banqiao', '20:55'),
(687, 6, 'Taoyuan', '21:10'),
(687, 6, 'Hsinchu', '21:22'),
(687, 6, 'Taichung', '21:48'),
(687, 6, 'Chiayi', '22:14'),
(687, 6, 'Tainan', '22:33'),
(687, 6, 'Zuoying', '22:45'),
(687, 7, 'Nangang', '20:35'),
(687, 7, 'Taipei', '20:46'),
(687, 7, 'Banqiao', '20:55'),
(687, 7, 'Taoyuan', '21:10'),
(687, 7, 'Hsinchu', '21:22'),
(687, 7, 'Taichung', '21:48'),
(687, 7, 'Chiayi', '22:14'),
(687, 7, 'Tainan', '22:33'),
(687, 7, 'Zuoying', '22:45'),
(693, 1, 'Nangang', '21:30'),
(693, 1, 'Taipei', '21:41'),
(693, 1, 'Banqiao', '21:50'),
(693, 1, 'Taoyuan', '22:05'),
(693, 1, 'Hsinchu', '22:17'),
(693, 1, 'Taichung', '22:43'),
(693, 1, 'Chiayi', '23:09'),
(693, 1, 'Tainan', '23:28'),
(693, 1, 'Zuoying', '23:40'),
(693, 2, 'Nangang', '21:30'),
(693, 2, 'Taipei', '21:41'),
(693, 2, 'Banqiao', '21:50'),
(693, 2, 'Taoyuan', '22:05'),
(693, 2, 'Hsinchu', '22:17'),
(693, 2, 'Taichung', '22:43'),
(693, 2, 'Chiayi', '23:09'),
(693, 2, 'Tainan', '23:28'),
(693, 2, 'Zuoying', '23:40'),
(693, 4, 'Nangang', '21:30'),
(693, 4, 'Taipei', '21:41'),
(693, 4, 'Banqiao', '21:50'),
(693, 4, 'Taoyuan', '22:05'),
(693, 4, 'Hsinchu', '22:17'),
(693, 4, 'Taichung', '22:43'),
(693, 4, 'Chiayi', '23:09'),
(693, 4, 'Tainan', '23:28'),
(693, 4, 'Zuoying', '23:40'),
(693, 5, 'Nangang', '21:30'),
(693, 5, 'Taipei', '21:41'),
(693, 5, 'Banqiao', '21:50'),
(693, 5, 'Taoyuan', '22:05'),
(693, 5, 'Hsinchu', '22:17'),
(693, 5, 'Taichung', '22:43'),
(693, 5, 'Chiayi', '23:09'),
(693, 5, 'Tainan', '23:28'),
(693, 5, 'Zuoying', '23:40'),
(693, 6, 'Nangang', '21:30'),
(693, 6, 'Taipei', '21:41'),
(693, 6, 'Banqiao', '21:50'),
(693, 6, 'Taoyuan', '22:05'),
(693, 6, 'Hsinchu', '22:17'),
(693, 6, 'Taichung', '22:43'),
(693, 6, 'Chiayi', '23:09'),
(693, 6, 'Tainan', '23:28'),
(693, 6, 'Zuoying', '23:40'),
(693, 7, 'Nangang', '21:30'),
(693, 7, 'Taipei', '21:41'),
(693, 7, 'Banqiao', '21:50'),
(693, 7, 'Taoyuan', '22:05'),
(693, 7, 'Hsinchu', '22:17'),
(693, 7, 'Taichung', '22:43'),
(693, 7, 'Chiayi', '23:09'),
(693, 7, 'Tainan', '23:28'),
(693, 7, 'Zuoying', '23:40'),
(803, 1, 'Nangang', '6:15'),
(803, 1, 'Taipei', '6:26'),
(803, 1, 'Banqiao', '6:34'),
(803, 1, 'Taoyuan', '6:49'),
(803, 1, 'Hsinchu', '7:02'),
(803, 1, 'Miaoli', '7:13'),
(803, 1, 'Taichung', '7:32'),
(803, 1, 'Changhua', '7:45'),
(803, 1, 'Yunlin', '7:56'),
(803, 1, 'Chiayi', '8:10'),
(803, 1, 'Tainan', '8:28'),
(803, 1, 'Zuoying', '8:40'),
(803, 2, 'Nangang', '6:15'),
(803, 2, 'Taipei', '6:26'),
(803, 2, 'Banqiao', '6:34'),
(803, 2, 'Taoyuan', '6:49'),
(803, 2, 'Hsinchu', '7:02'),
(803, 2, 'Miaoli', '7:13'),
(803, 2, 'Taichung', '7:32'),
(803, 2, 'Changhua', '7:45'),
(803, 2, 'Yunlin', '7:56'),
(803, 2, 'Chiayi', '8:10'),
(803, 2, 'Tainan', '8:28'),
(803, 2, 'Zuoying', '8:40'),
(803, 3, 'Nangang', '6:15'),
(803, 3, 'Taipei', '6:26'),
(803, 3, 'Banqiao', '6:34'),
(803, 3, 'Taoyuan', '6:49'),
(803, 3, 'Hsinchu', '7:02'),
(803, 3, 'Miaoli', '7:13'),
(803, 3, 'Taichung', '7:32'),
(803, 3, 'Changhua', '7:45'),
(803, 3, 'Yunlin', '7:56'),
(803, 3, 'Chiayi', '8:10'),
(803, 3, 'Tainan', '8:28'),
(803, 3, 'Zuoying', '8:40'),
(803, 4, 'Nangang', '6:15'),
(803, 4, 'Taipei', '6:26'),
(803, 4, 'Banqiao', '6:34'),
(803, 4, 'Taoyuan', '6:49'),
(803, 4, 'Hsinchu', '7:02'),
(803, 4, 'Miaoli', '7:13'),
(803, 4, 'Taichung', '7:32'),
(803, 4, 'Changhua', '7:45'),
(803, 4, 'Yunlin', '7:56'),
(803, 4, 'Chiayi', '8:10'),
(803, 4, 'Tainan', '8:28'),
(803, 4, 'Zuoying', '8:40'),
(803, 5, 'Nangang', '6:15'),
(803, 5, 'Taipei', '6:26'),
(803, 5, 'Banqiao', '6:34'),
(803, 5, 'Taoyuan', '6:49'),
(803, 5, 'Hsinchu', '7:02'),
(803, 5, 'Miaoli', '7:13'),
(803, 5, 'Taichung', '7:32'),
(803, 5, 'Changhua', '7:45'),
(803, 5, 'Yunlin', '7:56'),
(803, 5, 'Chiayi', '8:10'),
(803, 5, 'Tainan', '8:28'),
(803, 5, 'Zuoying', '8:40'),
(803, 6, 'Nangang', '6:15'),
(803, 6, 'Taipei', '6:26'),
(803, 6, 'Banqiao', '6:34'),
(803, 6, 'Taoyuan', '6:49'),
(803, 6, 'Hsinchu', '7:02'),
(803, 6, 'Miaoli', '7:13'),
(803, 6, 'Taichung', '7:32'),
(803, 6, 'Changhua', '7:45'),
(803, 6, 'Yunlin', '7:56'),
(803, 6, 'Chiayi', '8:10'),
(803, 6, 'Tainan', '8:28'),
(803, 6, 'Zuoying', '8:40'),
(803, 7, 'Nangang', '6:15'),
(803, 7, 'Taipei', '6:26'),
(803, 7, 'Banqiao', '6:34'),
(803, 7, 'Taoyuan', '6:49'),
(803, 7, 'Hsinchu', '7:02'),
(803, 7, 'Miaoli', '7:13'),
(803, 7, 'Taichung', '7:32'),
(803, 7, 'Changhua', '7:45'),
(803, 7, 'Yunlin', '7:56'),
(803, 7, 'Chiayi', '8:10'),
(803, 7, 'Tainan', '8:28'),
(803, 7, 'Zuoying', '8:40'),
(805, 1, 'Nangang', '7:00'),
(805, 1, 'Taipei', '7:11'),
(805, 1, 'Banqiao', '7:19'),
(805, 1, 'Taoyuan', '7:34'),
(805, 1, 'Hsinchu', '7:47'),
(805, 1, 'Miaoli', '7:58'),
(805, 1, 'Taichung', '8:17'),
(805, 1, 'Changhua', '8:30'),
(805, 1, 'Yunlin', '8:41'),
(805, 1, 'Chiayi', '8:55'),
(805, 1, 'Tainan', '9:13'),
(805, 1, 'Zuoying', '9:25'),
(805, 2, 'Nangang', '7:00'),
(805, 2, 'Taipei', '7:11'),
(805, 2, 'Banqiao', '7:19'),
(805, 2, 'Taoyuan', '7:34'),
(805, 2, 'Hsinchu', '7:47'),
(805, 2, 'Miaoli', '7:58'),
(805, 2, 'Taichung', '8:17'),
(805, 2, 'Changhua', '8:30'),
(805, 2, 'Yunlin', '8:41'),
(805, 2, 'Chiayi', '8:55'),
(805, 2, 'Tainan', '9:13'),
(805, 2, 'Zuoying', '9:25'),
(805, 3, 'Nangang', '7:00'),
(805, 3, 'Taipei', '7:11'),
(805, 3, 'Banqiao', '7:19'),
(805, 3, 'Taoyuan', '7:34'),
(805, 3, 'Hsinchu', '7:47'),
(805, 3, 'Miaoli', '7:58'),
(805, 3, 'Taichung', '8:17');
INSERT INTO `stops_at` (`trainnr`, `day`, `name`, `time`) VALUES
(805, 3, 'Changhua', '8:30'),
(805, 3, 'Yunlin', '8:41'),
(805, 3, 'Chiayi', '8:55'),
(805, 3, 'Tainan', '9:13'),
(805, 3, 'Zuoying', '9:25'),
(805, 4, 'Nangang', '7:00'),
(805, 4, 'Taipei', '7:11'),
(805, 4, 'Banqiao', '7:19'),
(805, 4, 'Taoyuan', '7:34'),
(805, 4, 'Hsinchu', '7:47'),
(805, 4, 'Miaoli', '7:58'),
(805, 4, 'Taichung', '8:17'),
(805, 4, 'Changhua', '8:30'),
(805, 4, 'Yunlin', '8:41'),
(805, 4, 'Chiayi', '8:55'),
(805, 4, 'Tainan', '9:13'),
(805, 4, 'Zuoying', '9:25'),
(805, 5, 'Nangang', '7:00'),
(805, 5, 'Taipei', '7:11'),
(805, 5, 'Banqiao', '7:19'),
(805, 5, 'Taoyuan', '7:34'),
(805, 5, 'Hsinchu', '7:47'),
(805, 5, 'Miaoli', '7:58'),
(805, 5, 'Taichung', '8:17'),
(805, 5, 'Changhua', '8:30'),
(805, 5, 'Yunlin', '8:41'),
(805, 5, 'Chiayi', '8:55'),
(805, 5, 'Tainan', '9:13'),
(805, 5, 'Zuoying', '9:25'),
(809, 1, 'Nangang', '8:00'),
(809, 1, 'Taipei', '8:11'),
(809, 1, 'Banqiao', '8:19'),
(809, 1, 'Taoyuan', '8:34'),
(809, 1, 'Hsinchu', '8:47'),
(809, 1, 'Miaoli', '8:58'),
(809, 1, 'Taichung', '9:17'),
(809, 1, 'Changhua', '9:30'),
(809, 1, 'Yunlin', '9:41'),
(809, 1, 'Chiayi', '9:55'),
(809, 1, 'Tainan', '10:13'),
(809, 1, 'Zuoying', '10:25'),
(809, 2, 'Nangang', '8:00'),
(809, 2, 'Taipei', '8:11'),
(809, 2, 'Banqiao', '8:19'),
(809, 2, 'Taoyuan', '8:34'),
(809, 2, 'Hsinchu', '8:47'),
(809, 2, 'Miaoli', '8:58'),
(809, 2, 'Taichung', '9:17'),
(809, 2, 'Changhua', '9:30'),
(809, 2, 'Yunlin', '9:41'),
(809, 2, 'Chiayi', '9:55'),
(809, 2, 'Tainan', '10:13'),
(809, 2, 'Zuoying', '10:25'),
(809, 3, 'Nangang', '8:00'),
(809, 3, 'Taipei', '8:11'),
(809, 3, 'Banqiao', '8:19'),
(809, 3, 'Taoyuan', '8:34'),
(809, 3, 'Hsinchu', '8:47'),
(809, 3, 'Miaoli', '8:58'),
(809, 3, 'Taichung', '9:17'),
(809, 3, 'Changhua', '9:30'),
(809, 3, 'Yunlin', '9:41'),
(809, 3, 'Chiayi', '9:55'),
(809, 3, 'Tainan', '10:13'),
(809, 3, 'Zuoying', '10:25'),
(809, 4, 'Nangang', '8:00'),
(809, 4, 'Taipei', '8:11'),
(809, 4, 'Banqiao', '8:19'),
(809, 4, 'Taoyuan', '8:34'),
(809, 4, 'Hsinchu', '8:47'),
(809, 4, 'Miaoli', '8:58'),
(809, 4, 'Taichung', '9:17'),
(809, 4, 'Changhua', '9:30'),
(809, 4, 'Yunlin', '9:41'),
(809, 4, 'Chiayi', '9:55'),
(809, 4, 'Tainan', '10:13'),
(809, 4, 'Zuoying', '10:25'),
(809, 5, 'Nangang', '8:00'),
(809, 5, 'Taipei', '8:11'),
(809, 5, 'Banqiao', '8:19'),
(809, 5, 'Taoyuan', '8:34'),
(809, 5, 'Hsinchu', '8:47'),
(809, 5, 'Miaoli', '8:58'),
(809, 5, 'Taichung', '9:17'),
(809, 5, 'Changhua', '9:30'),
(809, 5, 'Yunlin', '9:41'),
(809, 5, 'Chiayi', '9:55'),
(809, 5, 'Tainan', '10:13'),
(809, 5, 'Zuoying', '10:25'),
(813, 1, 'Nangang', '9:00'),
(813, 1, 'Taipei', '9:11'),
(813, 1, 'Banqiao', '9:19'),
(813, 1, 'Taoyuan', '9:34'),
(813, 1, 'Hsinchu', '9:47'),
(813, 1, 'Miaoli', '9:58'),
(813, 1, 'Taichung', '10:17'),
(813, 1, 'Changhua', '10:30'),
(813, 1, 'Yunlin', '10:41'),
(813, 1, 'Chiayi', '10:55'),
(813, 1, 'Tainan', '11:13'),
(813, 1, 'Zuoying', '11:25'),
(813, 2, 'Nangang', '9:00'),
(813, 2, 'Taipei', '9:11'),
(813, 2, 'Banqiao', '9:19'),
(813, 2, 'Taoyuan', '9:34'),
(813, 2, 'Hsinchu', '9:47'),
(813, 2, 'Miaoli', '9:58'),
(813, 2, 'Taichung', '10:17'),
(813, 2, 'Changhua', '10:30'),
(813, 2, 'Yunlin', '10:41'),
(813, 2, 'Chiayi', '10:55'),
(813, 2, 'Tainan', '11:13'),
(813, 2, 'Zuoying', '11:25'),
(813, 4, 'Nangang', '9:00'),
(813, 4, 'Taipei', '9:11'),
(813, 4, 'Banqiao', '9:19'),
(813, 4, 'Taoyuan', '9:34'),
(813, 4, 'Hsinchu', '9:47'),
(813, 4, 'Miaoli', '9:58'),
(813, 4, 'Taichung', '10:17'),
(813, 4, 'Changhua', '10:30'),
(813, 4, 'Yunlin', '10:41'),
(813, 4, 'Chiayi', '10:55'),
(813, 4, 'Tainan', '11:13'),
(813, 4, 'Zuoying', '11:25'),
(813, 5, 'Nangang', '9:00'),
(813, 5, 'Taipei', '9:11'),
(813, 5, 'Banqiao', '9:19'),
(813, 5, 'Taoyuan', '9:34'),
(813, 5, 'Hsinchu', '9:47'),
(813, 5, 'Miaoli', '9:58'),
(813, 5, 'Taichung', '10:17'),
(813, 5, 'Changhua', '10:30'),
(813, 5, 'Yunlin', '10:41'),
(813, 5, 'Chiayi', '10:55'),
(813, 5, 'Tainan', '11:13'),
(813, 5, 'Zuoying', '11:25'),
(813, 6, 'Nangang', '9:00'),
(813, 6, 'Taipei', '9:11'),
(813, 6, 'Banqiao', '9:19'),
(813, 6, 'Taoyuan', '9:34'),
(813, 6, 'Hsinchu', '9:47'),
(813, 6, 'Miaoli', '9:58'),
(813, 6, 'Taichung', '10:17'),
(813, 6, 'Changhua', '10:30'),
(813, 6, 'Yunlin', '10:41'),
(813, 6, 'Chiayi', '10:55'),
(813, 6, 'Tainan', '11:13'),
(813, 6, 'Zuoying', '11:25'),
(813, 7, 'Nangang', '9:00'),
(813, 7, 'Taipei', '9:11'),
(813, 7, 'Banqiao', '9:19'),
(813, 7, 'Taoyuan', '9:34'),
(813, 7, 'Hsinchu', '9:47'),
(813, 7, 'Miaoli', '9:58'),
(813, 7, 'Taichung', '10:17'),
(813, 7, 'Changhua', '10:30'),
(813, 7, 'Yunlin', '10:41'),
(813, 7, 'Chiayi', '10:55'),
(813, 7, 'Tainan', '11:13'),
(813, 7, 'Zuoying', '11:25'),
(817, 1, 'Nangang', '10:00'),
(817, 1, 'Taipei', '10:11'),
(817, 1, 'Banqiao', '10:19'),
(817, 1, 'Taoyuan', '10:34'),
(817, 1, 'Hsinchu', '10:47'),
(817, 1, 'Miaoli', '10:58'),
(817, 1, 'Taichung', '11:17'),
(817, 1, 'Changhua', '11:30'),
(817, 1, 'Yunlin', '11:41'),
(817, 1, 'Chiayi', '11:55'),
(817, 1, 'Tainan', '12:13'),
(817, 1, 'Zuoying', '12:25'),
(817, 3, 'Nangang', '10:00'),
(817, 3, 'Taipei', '10:11'),
(817, 3, 'Banqiao', '10:19'),
(817, 3, 'Taoyuan', '10:34'),
(817, 3, 'Hsinchu', '10:47'),
(817, 3, 'Miaoli', '10:58'),
(817, 3, 'Taichung', '11:17'),
(817, 3, 'Changhua', '11:30'),
(817, 3, 'Yunlin', '11:41'),
(817, 3, 'Chiayi', '11:55'),
(817, 3, 'Tainan', '12:13'),
(817, 3, 'Zuoying', '12:25'),
(817, 5, 'Nangang', '10:00'),
(817, 5, 'Taipei', '10:11'),
(817, 5, 'Banqiao', '10:19'),
(817, 5, 'Taoyuan', '10:34'),
(817, 5, 'Hsinchu', '10:47'),
(817, 5, 'Miaoli', '10:58'),
(817, 5, 'Taichung', '11:17'),
(817, 5, 'Changhua', '11:30'),
(817, 5, 'Yunlin', '11:41'),
(817, 5, 'Chiayi', '11:55'),
(817, 5, 'Tainan', '12:13'),
(817, 5, 'Zuoying', '12:25'),
(821, 6, 'Nangang', '11:00'),
(821, 6, 'Taipei', '11:11'),
(821, 6, 'Banqiao', '11:19'),
(821, 6, 'Taoyuan', '11:34'),
(821, 6, 'Hsinchu', '11:47'),
(821, 6, 'Miaoli', '11:58'),
(821, 6, 'Taichung', '12:17'),
(821, 6, 'Changhua', '12:30'),
(821, 6, 'Yunlin', '12:41'),
(821, 6, 'Chiayi', '12:55'),
(821, 6, 'Tainan', '13:13'),
(821, 6, 'Zuoying', '13:25'),
(821, 7, 'Nangang', '11:00'),
(821, 7, 'Taipei', '11:11'),
(821, 7, 'Banqiao', '11:19'),
(821, 7, 'Taoyuan', '11:34'),
(821, 7, 'Hsinchu', '11:47'),
(821, 7, 'Miaoli', '11:58'),
(821, 7, 'Taichung', '12:17'),
(821, 7, 'Changhua', '12:30'),
(821, 7, 'Yunlin', '12:41'),
(821, 7, 'Chiayi', '12:55'),
(821, 7, 'Tainan', '13:13'),
(821, 7, 'Zuoying', '13:25'),
(825, 6, 'Nangang', '12:00'),
(825, 6, 'Taipei', '12:11'),
(825, 6, 'Banqiao', '12:19'),
(825, 6, 'Taoyuan', '12:34'),
(825, 6, 'Hsinchu', '12:47'),
(825, 6, 'Miaoli', '12:58'),
(825, 6, 'Taichung', '13:17'),
(825, 6, 'Changhua', '13:30'),
(825, 6, 'Yunlin', '13:41'),
(825, 6, 'Chiayi', '13:55'),
(825, 6, 'Tainan', '14:13'),
(825, 6, 'Zuoying', '14:25'),
(825, 7, 'Nangang', '12:00'),
(825, 7, 'Taipei', '12:11'),
(825, 7, 'Banqiao', '12:19'),
(825, 7, 'Taoyuan', '12:34'),
(825, 7, 'Hsinchu', '12:47'),
(825, 7, 'Miaoli', '12:58'),
(825, 7, 'Taichung', '13:17'),
(825, 7, 'Changhua', '13:30'),
(825, 7, 'Yunlin', '13:41'),
(825, 7, 'Chiayi', '13:55'),
(825, 7, 'Tainan', '14:13'),
(825, 7, 'Zuoying', '14:25'),
(829, 5, 'Nangang', '13:00'),
(829, 5, 'Taipei', '13:11'),
(829, 5, 'Banqiao', '13:19'),
(829, 5, 'Taoyuan', '13:34'),
(829, 5, 'Hsinchu', '13:47'),
(829, 5, 'Miaoli', '13:58'),
(829, 5, 'Taichung', '14:17'),
(829, 5, 'Changhua', '14:30'),
(829, 5, 'Yunlin', '14:41'),
(829, 5, 'Chiayi', '14:55'),
(829, 5, 'Tainan', '15:13'),
(829, 5, 'Zuoying', '15:25'),
(829, 6, 'Nangang', '13:00'),
(829, 6, 'Taipei', '13:11'),
(829, 6, 'Banqiao', '13:19'),
(829, 6, 'Taoyuan', '13:34'),
(829, 6, 'Hsinchu', '13:47'),
(829, 6, 'Miaoli', '13:58'),
(829, 6, 'Taichung', '14:17'),
(829, 6, 'Changhua', '14:30'),
(829, 6, 'Yunlin', '14:41'),
(829, 6, 'Chiayi', '14:55'),
(829, 6, 'Tainan', '15:13'),
(829, 6, 'Zuoying', '15:25'),
(829, 7, 'Nangang', '13:00'),
(829, 7, 'Taipei', '13:11'),
(829, 7, 'Banqiao', '13:19'),
(829, 7, 'Taoyuan', '13:34'),
(829, 7, 'Hsinchu', '13:47'),
(829, 7, 'Miaoli', '13:58'),
(829, 7, 'Taichung', '14:17'),
(829, 7, 'Changhua', '14:30'),
(829, 7, 'Yunlin', '14:41'),
(829, 7, 'Chiayi', '14:55'),
(829, 7, 'Tainan', '15:13'),
(829, 7, 'Zuoying', '15:25'),
(833, 1, 'Nangang', '14:00'),
(833, 1, 'Taipei', '14:11'),
(833, 1, 'Banqiao', '14:19'),
(833, 1, 'Taoyuan', '14:34'),
(833, 1, 'Hsinchu', '14:47'),
(833, 1, 'Miaoli', '14:58'),
(833, 1, 'Taichung', '15:17'),
(833, 1, 'Changhua', '15:30'),
(833, 1, 'Yunlin', '15:41'),
(833, 1, 'Chiayi', '15:55'),
(833, 1, 'Tainan', '16:13'),
(833, 1, 'Zuoying', '16:25'),
(833, 2, 'Nangang', '14:00'),
(833, 2, 'Taipei', '14:11'),
(833, 2, 'Banqiao', '14:19'),
(833, 2, 'Taoyuan', '14:34'),
(833, 2, 'Hsinchu', '14:47'),
(833, 2, 'Miaoli', '14:58'),
(833, 2, 'Taichung', '15:17'),
(833, 2, 'Changhua', '15:30'),
(833, 2, 'Yunlin', '15:41'),
(833, 2, 'Chiayi', '15:55'),
(833, 2, 'Tainan', '16:13'),
(833, 2, 'Zuoying', '16:25'),
(833, 3, 'Nangang', '14:00'),
(833, 3, 'Taipei', '14:11'),
(833, 3, 'Banqiao', '14:19'),
(833, 3, 'Taoyuan', '14:34'),
(833, 3, 'Hsinchu', '14:47'),
(833, 3, 'Miaoli', '14:58'),
(833, 3, 'Taichung', '15:17'),
(833, 3, 'Changhua', '15:30'),
(833, 3, 'Yunlin', '15:41'),
(833, 3, 'Chiayi', '15:55'),
(833, 3, 'Tainan', '16:13'),
(833, 3, 'Zuoying', '16:25'),
(833, 4, 'Nangang', '14:00'),
(833, 4, 'Taipei', '14:11'),
(833, 4, 'Banqiao', '14:19'),
(833, 4, 'Taoyuan', '14:34'),
(833, 4, 'Hsinchu', '14:47'),
(833, 4, 'Miaoli', '14:58'),
(833, 4, 'Taichung', '15:17'),
(833, 4, 'Changhua', '15:30'),
(833, 4, 'Yunlin', '15:41'),
(833, 4, 'Chiayi', '15:55'),
(833, 4, 'Tainan', '16:13'),
(833, 4, 'Zuoying', '16:25'),
(833, 5, 'Nangang', '14:00'),
(833, 5, 'Taipei', '14:11'),
(833, 5, 'Banqiao', '14:19'),
(833, 5, 'Taoyuan', '14:34'),
(833, 5, 'Hsinchu', '14:47'),
(833, 5, 'Miaoli', '14:58'),
(833, 5, 'Taichung', '15:17'),
(833, 5, 'Changhua', '15:30'),
(833, 5, 'Yunlin', '15:41'),
(833, 5, 'Chiayi', '15:55'),
(833, 5, 'Tainan', '16:13'),
(833, 5, 'Zuoying', '16:25'),
(833, 6, 'Nangang', '14:00'),
(833, 6, 'Taipei', '14:11'),
(833, 6, 'Banqiao', '14:19'),
(833, 6, 'Taoyuan', '14:34'),
(833, 6, 'Hsinchu', '14:47'),
(833, 6, 'Miaoli', '14:58'),
(833, 6, 'Taichung', '15:17'),
(833, 6, 'Changhua', '15:30'),
(833, 6, 'Yunlin', '15:41'),
(833, 6, 'Chiayi', '15:55'),
(833, 6, 'Tainan', '16:13'),
(833, 6, 'Zuoying', '16:25'),
(833, 7, 'Nangang', '14:00'),
(833, 7, 'Taipei', '14:11'),
(833, 7, 'Banqiao', '14:19'),
(833, 7, 'Taoyuan', '14:34'),
(833, 7, 'Hsinchu', '14:47'),
(833, 7, 'Miaoli', '14:58'),
(833, 7, 'Taichung', '15:17'),
(833, 7, 'Changhua', '15:30'),
(833, 7, 'Yunlin', '15:41'),
(833, 7, 'Chiayi', '15:55'),
(833, 7, 'Tainan', '16:13'),
(833, 7, 'Zuoying', '16:25'),
(837, 1, 'Nangang', '15:00'),
(837, 1, 'Taipei', '15:11'),
(837, 1, 'Banqiao', '15:19'),
(837, 1, 'Taoyuan', '15:34'),
(837, 1, 'Hsinchu', '15:47'),
(837, 1, 'Miaoli', '15:58'),
(837, 1, 'Taichung', '16:17'),
(837, 1, 'Changhua', '16:30'),
(837, 1, 'Yunlin', '16:41'),
(837, 1, 'Chiayi', '16:55'),
(837, 1, 'Tainan', '17:13'),
(837, 1, 'Zuoying', '17:25'),
(837, 2, 'Nangang', '15:00'),
(837, 2, 'Taipei', '15:11'),
(837, 2, 'Banqiao', '15:19'),
(837, 2, 'Taoyuan', '15:34'),
(837, 2, 'Hsinchu', '15:47'),
(837, 2, 'Miaoli', '15:58'),
(837, 2, 'Taichung', '16:17'),
(837, 2, 'Changhua', '16:30'),
(837, 2, 'Yunlin', '16:41'),
(837, 2, 'Chiayi', '16:55'),
(837, 2, 'Tainan', '17:13'),
(837, 2, 'Zuoying', '17:25'),
(837, 3, 'Nangang', '15:00'),
(837, 3, 'Taipei', '15:11'),
(837, 3, 'Banqiao', '15:19'),
(837, 3, 'Taoyuan', '15:34'),
(837, 3, 'Hsinchu', '15:47'),
(837, 3, 'Miaoli', '15:58'),
(837, 3, 'Taichung', '16:17'),
(837, 3, 'Changhua', '16:30'),
(837, 3, 'Yunlin', '16:41'),
(837, 3, 'Chiayi', '16:55'),
(837, 3, 'Tainan', '17:13'),
(837, 3, 'Zuoying', '17:25'),
(837, 4, 'Nangang', '15:00'),
(837, 4, 'Taipei', '15:11'),
(837, 4, 'Banqiao', '15:19'),
(837, 4, 'Taoyuan', '15:34'),
(837, 4, 'Hsinchu', '15:47'),
(837, 4, 'Miaoli', '15:58'),
(837, 4, 'Taichung', '16:17'),
(837, 4, 'Changhua', '16:30'),
(837, 4, 'Yunlin', '16:41'),
(837, 4, 'Chiayi', '16:55'),
(837, 4, 'Tainan', '17:13'),
(837, 4, 'Zuoying', '17:25'),
(837, 5, 'Nangang', '15:00'),
(837, 5, 'Taipei', '15:11'),
(837, 5, 'Banqiao', '15:19'),
(837, 5, 'Taoyuan', '15:34'),
(837, 5, 'Hsinchu', '15:47'),
(837, 5, 'Miaoli', '15:58'),
(837, 5, 'Taichung', '16:17'),
(837, 5, 'Changhua', '16:30'),
(837, 5, 'Yunlin', '16:41'),
(837, 5, 'Chiayi', '16:55'),
(837, 5, 'Tainan', '17:13'),
(837, 5, 'Zuoying', '17:25'),
(837, 6, 'Nangang', '15:00'),
(837, 6, 'Taipei', '15:11'),
(837, 6, 'Banqiao', '15:19'),
(837, 6, 'Taoyuan', '15:34'),
(837, 6, 'Hsinchu', '15:47'),
(837, 6, 'Miaoli', '15:58'),
(837, 6, 'Taichung', '16:17'),
(837, 6, 'Changhua', '16:30'),
(837, 6, 'Yunlin', '16:41'),
(837, 6, 'Chiayi', '16:55'),
(837, 6, 'Tainan', '17:13'),
(837, 6, 'Zuoying', '17:25'),
(837, 7, 'Nangang', '15:00'),
(837, 7, 'Taipei', '15:11'),
(837, 7, 'Banqiao', '15:19'),
(837, 7, 'Taoyuan', '15:34'),
(837, 7, 'Hsinchu', '15:47'),
(837, 7, 'Miaoli', '15:58'),
(837, 7, 'Taichung', '16:17'),
(837, 7, 'Changhua', '16:30'),
(837, 7, 'Yunlin', '16:41'),
(837, 7, 'Chiayi', '16:55'),
(837, 7, 'Tainan', '17:13'),
(837, 7, 'Zuoying', '17:25'),
(841, 1, 'Nangang', '16:00'),
(841, 1, 'Taipei', '16:11'),
(841, 1, 'Banqiao', '16:19'),
(841, 1, 'Taoyuan', '16:34'),
(841, 1, 'Hsinchu', '16:47'),
(841, 1, 'Miaoli', '16:58'),
(841, 1, 'Taichung', '17:17'),
(841, 1, 'Changhua', '17:30'),
(841, 1, 'Yunlin', '17:41'),
(841, 1, 'Chiayi', '17:55'),
(841, 1, 'Tainan', '18:13'),
(841, 1, 'Zuoying', '18:25'),
(841, 2, 'Nangang', '16:00'),
(841, 2, 'Taipei', '16:11'),
(841, 2, 'Banqiao', '16:19'),
(841, 2, 'Taoyuan', '16:34'),
(841, 2, 'Hsinchu', '16:47'),
(841, 2, 'Miaoli', '16:58'),
(841, 2, 'Taichung', '17:17'),
(841, 2, 'Changhua', '17:30'),
(841, 2, 'Yunlin', '17:41'),
(841, 2, 'Chiayi', '17:55'),
(841, 2, 'Tainan', '18:13'),
(841, 2, 'Zuoying', '18:25'),
(841, 3, 'Nangang', '16:00'),
(841, 3, 'Taipei', '16:11'),
(841, 3, 'Banqiao', '16:19'),
(841, 3, 'Taoyuan', '16:34'),
(841, 3, 'Hsinchu', '16:47'),
(841, 3, 'Miaoli', '16:58'),
(841, 3, 'Taichung', '17:17'),
(841, 3, 'Changhua', '17:30'),
(841, 3, 'Yunlin', '17:41'),
(841, 3, 'Chiayi', '17:55'),
(841, 3, 'Tainan', '18:13'),
(841, 3, 'Zuoying', '18:25'),
(841, 4, 'Nangang', '16:00'),
(841, 4, 'Taipei', '16:11'),
(841, 4, 'Banqiao', '16:19'),
(841, 4, 'Taoyuan', '16:34'),
(841, 4, 'Hsinchu', '16:47'),
(841, 4, 'Miaoli', '16:58'),
(841, 4, 'Taichung', '17:17'),
(841, 4, 'Changhua', '17:30'),
(841, 4, 'Yunlin', '17:41'),
(841, 4, 'Chiayi', '17:55'),
(841, 4, 'Tainan', '18:13'),
(841, 4, 'Zuoying', '18:25'),
(841, 5, 'Nangang', '16:00'),
(841, 5, 'Taipei', '16:11'),
(841, 5, 'Banqiao', '16:19'),
(841, 5, 'Taoyuan', '16:34'),
(841, 5, 'Hsinchu', '16:47'),
(841, 5, 'Miaoli', '16:58'),
(841, 5, 'Taichung', '17:17'),
(841, 5, 'Changhua', '17:30'),
(841, 5, 'Yunlin', '17:41'),
(841, 5, 'Chiayi', '17:55'),
(841, 5, 'Tainan', '18:13'),
(841, 5, 'Zuoying', '18:25'),
(845, 1, 'Nangang', '17:00'),
(845, 1, 'Taipei', '17:11'),
(845, 1, 'Banqiao', '17:19'),
(845, 1, 'Taoyuan', '17:34'),
(845, 1, 'Hsinchu', '17:47'),
(845, 1, 'Miaoli', '17:58'),
(845, 1, 'Taichung', '18:17'),
(845, 1, 'Changhua', '18:30'),
(845, 1, 'Yunlin', '18:41'),
(845, 1, 'Chiayi', '18:55'),
(845, 1, 'Tainan', '19:13'),
(845, 1, 'Zuoying', '19:25'),
(845, 2, 'Nangang', '17:00'),
(845, 2, 'Taipei', '17:11'),
(845, 2, 'Banqiao', '17:19'),
(845, 2, 'Taoyuan', '17:34'),
(845, 2, 'Hsinchu', '17:47'),
(845, 2, 'Miaoli', '17:58'),
(845, 2, 'Taichung', '18:17'),
(845, 2, 'Changhua', '18:30'),
(845, 2, 'Yunlin', '18:41'),
(845, 2, 'Chiayi', '18:55'),
(845, 2, 'Tainan', '19:13'),
(845, 2, 'Zuoying', '19:25'),
(845, 3, 'Nangang', '17:00'),
(845, 3, 'Taipei', '17:11'),
(845, 3, 'Banqiao', '17:19'),
(845, 3, 'Taoyuan', '17:34'),
(845, 3, 'Hsinchu', '17:47'),
(845, 3, 'Miaoli', '17:58'),
(845, 3, 'Taichung', '18:17'),
(845, 3, 'Changhua', '18:30'),
(845, 3, 'Yunlin', '18:41'),
(845, 3, 'Chiayi', '18:55'),
(845, 3, 'Tainan', '19:13'),
(845, 3, 'Zuoying', '19:25'),
(845, 4, 'Nangang', '17:00'),
(845, 4, 'Taipei', '17:11'),
(845, 4, 'Banqiao', '17:19'),
(845, 4, 'Taoyuan', '17:34'),
(845, 4, 'Hsinchu', '17:47'),
(845, 4, 'Miaoli', '17:58'),
(845, 4, 'Taichung', '18:17'),
(845, 4, 'Changhua', '18:30'),
(845, 4, 'Yunlin', '18:41'),
(845, 4, 'Chiayi', '18:55'),
(845, 4, 'Tainan', '19:13'),
(845, 4, 'Zuoying', '19:25'),
(845, 5, 'Nangang', '17:00'),
(845, 5, 'Taipei', '17:11'),
(845, 5, 'Banqiao', '17:19'),
(845, 5, 'Taoyuan', '17:34'),
(845, 5, 'Hsinchu', '17:47'),
(845, 5, 'Miaoli', '17:58'),
(845, 5, 'Taichung', '18:17'),
(845, 5, 'Changhua', '18:30'),
(845, 5, 'Yunlin', '18:41'),
(845, 5, 'Chiayi', '18:55'),
(845, 5, 'Tainan', '19:13'),
(845, 5, 'Zuoying', '19:25'),
(845, 6, 'Nangang', '17:00'),
(845, 6, 'Taipei', '17:11'),
(845, 6, 'Banqiao', '17:19'),
(845, 6, 'Taoyuan', '17:34'),
(845, 6, 'Hsinchu', '17:47'),
(845, 6, 'Miaoli', '17:58'),
(845, 6, 'Taichung', '18:17'),
(845, 6, 'Changhua', '18:30'),
(845, 6, 'Yunlin', '18:41'),
(845, 6, 'Chiayi', '18:55'),
(845, 6, 'Tainan', '19:13'),
(845, 6, 'Zuoying', '19:25'),
(845, 7, 'Nangang', '17:00'),
(845, 7, 'Taipei', '17:11'),
(845, 7, 'Banqiao', '17:19'),
(845, 7, 'Taoyuan', '17:34'),
(845, 7, 'Hsinchu', '17:47'),
(845, 7, 'Miaoli', '17:58'),
(845, 7, 'Taichung', '18:17'),
(845, 7, 'Changhua', '18:30'),
(845, 7, 'Yunlin', '18:41'),
(845, 7, 'Chiayi', '18:55'),
(845, 7, 'Tainan', '19:13'),
(845, 7, 'Zuoying', '19:25'),
(849, 1, 'Nangang', '18:00'),
(849, 1, 'Taipei', '18:11'),
(849, 1, 'Banqiao', '18:19'),
(849, 1, 'Taoyuan', '18:34'),
(849, 1, 'Hsinchu', '18:47'),
(849, 1, 'Miaoli', '18:58'),
(849, 1, 'Taichung', '19:17'),
(849, 1, 'Changhua', '19:30'),
(849, 1, 'Yunlin', '19:41'),
(849, 1, 'Chiayi', '19:55'),
(849, 1, 'Tainan', '20:13'),
(849, 1, 'Zuoying', '20:25'),
(849, 2, 'Nangang', '18:00'),
(849, 2, 'Taipei', '18:11'),
(849, 2, 'Banqiao', '18:19'),
(849, 2, 'Taoyuan', '18:34'),
(849, 2, 'Hsinchu', '18:47'),
(849, 2, 'Miaoli', '18:58'),
(849, 2, 'Taichung', '19:17'),
(849, 2, 'Changhua', '19:30'),
(849, 2, 'Yunlin', '19:41'),
(849, 2, 'Chiayi', '19:55'),
(849, 2, 'Tainan', '20:13'),
(849, 2, 'Zuoying', '20:25'),
(849, 3, 'Nangang', '18:00'),
(849, 3, 'Taipei', '18:11'),
(849, 3, 'Banqiao', '18:19'),
(849, 3, 'Taoyuan', '18:34'),
(849, 3, 'Hsinchu', '18:47'),
(849, 3, 'Miaoli', '18:58'),
(849, 3, 'Taichung', '19:17'),
(849, 3, 'Changhua', '19:30'),
(849, 3, 'Yunlin', '19:41'),
(849, 3, 'Chiayi', '19:55'),
(849, 3, 'Tainan', '20:13'),
(849, 3, 'Zuoying', '20:25'),
(849, 4, 'Nangang', '18:00'),
(849, 4, 'Taipei', '18:11'),
(849, 4, 'Banqiao', '18:19'),
(849, 4, 'Taoyuan', '18:34'),
(849, 4, 'Hsinchu', '18:47'),
(849, 4, 'Miaoli', '18:58'),
(849, 4, 'Taichung', '19:17'),
(849, 4, 'Changhua', '19:30'),
(849, 4, 'Yunlin', '19:41'),
(849, 4, 'Chiayi', '19:55'),
(849, 4, 'Tainan', '20:13'),
(849, 4, 'Zuoying', '20:25'),
(849, 5, 'Nangang', '18:00'),
(849, 5, 'Taipei', '18:11'),
(849, 5, 'Banqiao', '18:19'),
(849, 5, 'Taoyuan', '18:34'),
(849, 5, 'Hsinchu', '18:47'),
(849, 5, 'Miaoli', '18:58'),
(849, 5, 'Taichung', '19:17'),
(849, 5, 'Changhua', '19:30'),
(849, 5, 'Yunlin', '19:41'),
(849, 5, 'Chiayi', '19:55'),
(849, 5, 'Tainan', '20:13'),
(849, 5, 'Zuoying', '20:25'),
(849, 6, 'Nangang', '18:00'),
(849, 6, 'Taipei', '18:11'),
(849, 6, 'Banqiao', '18:19'),
(849, 6, 'Taoyuan', '18:34'),
(849, 6, 'Hsinchu', '18:47'),
(849, 6, 'Miaoli', '18:58'),
(849, 6, 'Taichung', '19:17'),
(849, 6, 'Changhua', '19:30'),
(849, 6, 'Yunlin', '19:41'),
(849, 6, 'Chiayi', '19:55'),
(849, 6, 'Tainan', '20:13'),
(849, 6, 'Zuoying', '20:25'),
(849, 7, 'Nangang', '18:00'),
(849, 7, 'Taipei', '18:11'),
(849, 7, 'Banqiao', '18:19'),
(849, 7, 'Taoyuan', '18:34'),
(849, 7, 'Hsinchu', '18:47'),
(849, 7, 'Miaoli', '18:58'),
(849, 7, 'Taichung', '19:17'),
(849, 7, 'Changhua', '19:30'),
(849, 7, 'Yunlin', '19:41'),
(849, 7, 'Chiayi', '19:55'),
(849, 7, 'Tainan', '20:13'),
(849, 7, 'Zuoying', '20:25'),
(853, 1, 'Nangang', '19:00'),
(853, 1, 'Taipei', '19:11'),
(853, 1, 'Banqiao', '19:19'),
(853, 1, 'Taoyuan', '19:34'),
(853, 1, 'Hsinchu', '19:47'),
(853, 1, 'Miaoli', '19:58'),
(853, 1, 'Taichung', '20:17'),
(853, 1, 'Changhua', '20:30'),
(853, 1, 'Yunlin', '20:41'),
(853, 1, 'Chiayi', '20:55'),
(853, 1, 'Tainan', '21:13'),
(853, 1, 'Zuoying', '21:25'),
(853, 2, 'Nangang', '19:00'),
(853, 2, 'Taipei', '19:11'),
(853, 2, 'Banqiao', '19:19'),
(853, 2, 'Taoyuan', '19:34'),
(853, 2, 'Hsinchu', '19:47'),
(853, 2, 'Miaoli', '19:58'),
(853, 2, 'Taichung', '20:17'),
(853, 2, 'Changhua', '20:30'),
(853, 2, 'Yunlin', '20:41'),
(853, 2, 'Chiayi', '20:55'),
(853, 2, 'Tainan', '21:13'),
(853, 2, 'Zuoying', '21:25'),
(853, 3, 'Nangang', '19:00'),
(853, 3, 'Taipei', '19:11'),
(853, 3, 'Banqiao', '19:19'),
(853, 3, 'Taoyuan', '19:34'),
(853, 3, 'Hsinchu', '19:47'),
(853, 3, 'Miaoli', '19:58'),
(853, 3, 'Taichung', '20:17'),
(853, 3, 'Changhua', '20:30'),
(853, 3, 'Yunlin', '20:41'),
(853, 3, 'Chiayi', '20:55'),
(853, 3, 'Tainan', '21:13'),
(853, 3, 'Zuoying', '21:25'),
(853, 4, 'Nangang', '19:00'),
(853, 4, 'Taipei', '19:11'),
(853, 4, 'Banqiao', '19:19'),
(853, 4, 'Taoyuan', '19:34'),
(853, 4, 'Hsinchu', '19:47'),
(853, 4, 'Miaoli', '19:58'),
(853, 4, 'Taichung', '20:17'),
(853, 4, 'Changhua', '20:30'),
(853, 4, 'Yunlin', '20:41'),
(853, 4, 'Chiayi', '20:55'),
(853, 4, 'Tainan', '21:13'),
(853, 4, 'Zuoying', '21:25'),
(853, 5, 'Nangang', '19:00'),
(853, 5, 'Taipei', '19:11'),
(853, 5, 'Banqiao', '19:19'),
(853, 5, 'Taoyuan', '19:34'),
(853, 5, 'Hsinchu', '19:47'),
(853, 5, 'Miaoli', '19:58'),
(853, 5, 'Taichung', '20:17'),
(853, 5, 'Changhua', '20:30'),
(853, 5, 'Yunlin', '20:41'),
(853, 5, 'Chiayi', '20:55'),
(853, 5, 'Tainan', '21:13'),
(853, 5, 'Zuoying', '21:25'),
(853, 6, 'Nangang', '19:00'),
(853, 6, 'Taipei', '19:11'),
(853, 6, 'Banqiao', '19:19'),
(853, 6, 'Taoyuan', '19:34'),
(853, 6, 'Hsinchu', '19:47'),
(853, 6, 'Miaoli', '19:58'),
(853, 6, 'Taichung', '20:17'),
(853, 6, 'Changhua', '20:30'),
(853, 6, 'Yunlin', '20:41'),
(853, 6, 'Chiayi', '20:55'),
(853, 6, 'Tainan', '21:13'),
(853, 6, 'Zuoying', '21:25'),
(853, 7, 'Nangang', '19:00'),
(853, 7, 'Taipei', '19:11'),
(853, 7, 'Banqiao', '19:19'),
(853, 7, 'Taoyuan', '19:34'),
(853, 7, 'Hsinchu', '19:47'),
(853, 7, 'Miaoli', '19:58'),
(853, 7, 'Taichung', '20:17'),
(853, 7, 'Changhua', '20:30'),
(853, 7, 'Yunlin', '20:41'),
(853, 7, 'Chiayi', '20:55'),
(853, 7, 'Tainan', '21:13'),
(853, 7, 'Zuoying', '21:25'),
(857, 1, 'Nangang', '20:00'),
(857, 1, 'Taipei', '20:11'),
(857, 1, 'Banqiao', '20:19'),
(857, 1, 'Taoyuan', '20:34'),
(857, 1, 'Hsinchu', '20:47'),
(857, 1, 'Miaoli', '20:58'),
(857, 1, 'Taichung', '21:17'),
(857, 1, 'Changhua', '21:30'),
(857, 1, 'Yunlin', '21:41'),
(857, 1, 'Chiayi', '21:55'),
(857, 1, 'Tainan', '22:13'),
(857, 1, 'Zuoying', '22:25'),
(857, 2, 'Nangang', '20:00'),
(857, 2, 'Taipei', '20:11'),
(857, 2, 'Banqiao', '20:19'),
(857, 2, 'Taoyuan', '20:34'),
(857, 2, 'Hsinchu', '20:47'),
(857, 2, 'Miaoli', '20:58'),
(857, 2, 'Taichung', '21:17'),
(857, 2, 'Changhua', '21:30'),
(857, 2, 'Yunlin', '21:41'),
(857, 2, 'Chiayi', '21:55'),
(857, 2, 'Tainan', '22:13'),
(857, 2, 'Zuoying', '22:25'),
(857, 3, 'Nangang', '20:00'),
(857, 3, 'Taipei', '20:11'),
(857, 3, 'Banqiao', '20:19'),
(857, 3, 'Taoyuan', '20:34'),
(857, 3, 'Hsinchu', '20:47'),
(857, 3, 'Miaoli', '20:58'),
(857, 3, 'Taichung', '21:17'),
(857, 3, 'Changhua', '21:30'),
(857, 3, 'Yunlin', '21:41'),
(857, 3, 'Chiayi', '21:55'),
(857, 3, 'Tainan', '22:13'),
(857, 3, 'Zuoying', '22:25'),
(857, 4, 'Nangang', '20:00'),
(857, 4, 'Taipei', '20:11'),
(857, 4, 'Banqiao', '20:19'),
(857, 4, 'Taoyuan', '20:34'),
(857, 4, 'Hsinchu', '20:47'),
(857, 4, 'Miaoli', '20:58'),
(857, 4, 'Taichung', '21:17'),
(857, 4, 'Changhua', '21:30'),
(857, 4, 'Yunlin', '21:41'),
(857, 4, 'Chiayi', '21:55'),
(857, 4, 'Tainan', '22:13'),
(857, 4, 'Zuoying', '22:25'),
(857, 5, 'Nangang', '20:00'),
(857, 5, 'Taipei', '20:11'),
(857, 5, 'Banqiao', '20:19'),
(857, 5, 'Taoyuan', '20:34'),
(857, 5, 'Hsinchu', '20:47'),
(857, 5, 'Miaoli', '20:58'),
(857, 5, 'Taichung', '21:17'),
(857, 5, 'Changhua', '21:30'),
(857, 5, 'Yunlin', '21:41'),
(857, 5, 'Chiayi', '21:55'),
(857, 5, 'Tainan', '22:13'),
(857, 5, 'Zuoying', '22:25'),
(861, 1, 'Nangang', '21:00'),
(861, 1, 'Taipei', '21:11'),
(861, 1, 'Banqiao', '21:19'),
(861, 1, 'Taoyuan', '21:34'),
(861, 1, 'Hsinchu', '21:47'),
(861, 1, 'Miaoli', '21:58'),
(861, 1, 'Taichung', '22:17'),
(861, 1, 'Changhua', '22:30'),
(861, 1, 'Yunlin', '22:41'),
(861, 1, 'Chiayi', '22:55'),
(861, 1, 'Tainan', '23:13'),
(861, 1, 'Zuoying', '23:25'),
(861, 3, 'Nangang', '21:00'),
(861, 3, 'Taipei', '21:11'),
(861, 3, 'Banqiao', '21:19'),
(861, 3, 'Taoyuan', '21:34'),
(861, 3, 'Hsinchu', '21:47'),
(861, 3, 'Miaoli', '21:58'),
(861, 3, 'Taichung', '22:17'),
(861, 3, 'Changhua', '22:30'),
(861, 3, 'Yunlin', '22:41'),
(861, 3, 'Chiayi', '22:55'),
(861, 3, 'Tainan', '23:13'),
(861, 3, 'Zuoying', '23:25'),
(861, 5, 'Nangang', '21:00'),
(861, 5, 'Taipei', '21:11'),
(861, 5, 'Banqiao', '21:19'),
(861, 5, 'Taoyuan', '21:34'),
(861, 5, 'Hsinchu', '21:47'),
(861, 5, 'Miaoli', '21:58'),
(861, 5, 'Taichung', '22:17'),
(861, 5, 'Changhua', '22:30'),
(861, 5, 'Yunlin', '22:41'),
(861, 5, 'Chiayi', '22:55'),
(861, 5, 'Tainan', '23:13'),
(861, 5, 'Zuoying', '23:25'),
(861, 7, 'Nangang', '21:00'),
(861, 7, 'Taipei', '21:11'),
(861, 7, 'Banqiao', '21:19'),
(861, 7, 'Taoyuan', '21:34'),
(861, 7, 'Hsinchu', '21:47'),
(861, 7, 'Miaoli', '21:58'),
(861, 7, 'Taichung', '22:17'),
(861, 7, 'Changhua', '22:30'),
(861, 7, 'Yunlin', '22:41'),
(861, 7, 'Chiayi', '22:55'),
(861, 7, 'Tainan', '23:13'),
(861, 7, 'Zuoying', '23:25'),
(1209, 1, 'Nangang', '8:40'),
(1209, 1, 'Taipei', '8:51'),
(1209, 1, 'Banqiao', '8:59'),
(1209, 1, 'Taichung', '9:40'),
(1209, 1, 'Tainan', '10:18'),
(1209, 1, 'Zuoying', '10:30'),
(1209, 2, 'Nangang', '8:40'),
(1209, 2, 'Taipei', '8:51'),
(1209, 2, 'Banqiao', '8:59'),
(1209, 2, 'Taichung', '9:40'),
(1209, 2, 'Tainan', '10:18'),
(1209, 2, 'Zuoying', '10:30'),
(1209, 5, 'Nangang', '8:40'),
(1209, 5, 'Taipei', '8:51'),
(1209, 5, 'Banqiao', '8:59'),
(1209, 5, 'Taichung', '9:40'),
(1209, 5, 'Tainan', '10:18'),
(1209, 5, 'Zuoying', '10:30'),
(1209, 6, 'Nangang', '8:40'),
(1209, 6, 'Taipei', '8:51'),
(1209, 6, 'Banqiao', '8:59'),
(1209, 6, 'Taichung', '9:40'),
(1209, 6, 'Tainan', '10:18'),
(1209, 6, 'Zuoying', '10:30'),
(1209, 7, 'Nangang', '8:40'),
(1209, 7, 'Taipei', '8:51'),
(1209, 7, 'Banqiao', '8:59'),
(1209, 7, 'Taichung', '9:40'),
(1209, 7, 'Tainan', '10:18'),
(1209, 7, 'Zuoying', '10:30'),
(1213, 1, 'Nangang', '9:40'),
(1213, 1, 'Taipei', '9:51'),
(1213, 1, 'Banqiao', '9:59'),
(1213, 1, 'Taichung', '10:40'),
(1213, 1, 'Tainan', '11:18'),
(1213, 1, 'Zuoying', '11:30'),
(1213, 4, 'Nangang', '9:40'),
(1213, 4, 'Taipei', '9:51'),
(1213, 4, 'Banqiao', '9:59'),
(1213, 4, 'Taichung', '10:40'),
(1213, 4, 'Tainan', '11:18'),
(1213, 4, 'Zuoying', '11:30'),
(1213, 6, 'Nangang', '9:40'),
(1213, 6, 'Taipei', '9:51'),
(1213, 6, 'Banqiao', '9:59'),
(1213, 6, 'Taichung', '10:40'),
(1213, 6, 'Tainan', '11:18'),
(1213, 6, 'Zuoying', '11:30'),
(1213, 7, 'Nangang', '9:40'),
(1213, 7, 'Taipei', '9:51'),
(1213, 7, 'Banqiao', '9:59'),
(1213, 7, 'Taichung', '10:40'),
(1213, 7, 'Tainan', '11:18'),
(1213, 7, 'Zuoying', '11:30'),
(1217, 1, 'Nangang', '10:40'),
(1217, 1, 'Taipei', '10:51'),
(1217, 1, 'Banqiao', '10:59'),
(1217, 1, 'Taichung', '11:40'),
(1217, 1, 'Tainan', '12:18'),
(1217, 1, 'Zuoying', '12:30'),
(1217, 2, 'Nangang', '10:40'),
(1217, 2, 'Taipei', '10:51'),
(1217, 2, 'Banqiao', '10:59'),
(1217, 2, 'Taichung', '11:40'),
(1217, 2, 'Tainan', '12:18'),
(1217, 2, 'Zuoying', '12:30'),
(1217, 4, 'Nangang', '10:40'),
(1217, 4, 'Taipei', '10:51'),
(1217, 4, 'Banqiao', '10:59'),
(1217, 4, 'Taichung', '11:40'),
(1217, 4, 'Tainan', '12:18'),
(1217, 4, 'Zuoying', '12:30'),
(1217, 5, 'Nangang', '10:40'),
(1217, 5, 'Taipei', '10:51'),
(1217, 5, 'Banqiao', '10:59'),
(1217, 5, 'Taichung', '11:40'),
(1217, 5, 'Tainan', '12:18'),
(1217, 5, 'Zuoying', '12:30'),
(1217, 6, 'Nangang', '10:40'),
(1217, 6, 'Taipei', '10:51'),
(1217, 6, 'Banqiao', '10:59'),
(1217, 6, 'Taichung', '11:40'),
(1217, 6, 'Tainan', '12:18'),
(1217, 6, 'Zuoying', '12:30'),
(1217, 7, 'Nangang', '10:40'),
(1217, 7, 'Taipei', '10:51'),
(1217, 7, 'Banqiao', '10:59'),
(1217, 7, 'Taichung', '11:40'),
(1217, 7, 'Tainan', '12:18'),
(1217, 7, 'Zuoying', '12:30'),
(1237, 1, 'Nangang', '15:40'),
(1237, 1, 'Taipei', '15:51'),
(1237, 1, 'Banqiao', '15:59'),
(1237, 1, 'Taichung', '16:40'),
(1237, 1, 'Tainan', '17:18'),
(1237, 1, 'Zuoying', '17:30'),
(1237, 2, 'Nangang', '15:40'),
(1237, 2, 'Taipei', '15:51'),
(1237, 2, 'Banqiao', '15:59'),
(1237, 2, 'Taichung', '16:40'),
(1237, 2, 'Tainan', '17:18'),
(1237, 2, 'Zuoying', '17:30'),
(1237, 3, 'Nangang', '15:40'),
(1237, 3, 'Taipei', '15:51'),
(1237, 3, 'Banqiao', '15:59'),
(1237, 3, 'Taichung', '16:40'),
(1237, 3, 'Tainan', '17:18'),
(1237, 3, 'Zuoying', '17:30'),
(1237, 4, 'Nangang', '15:40'),
(1237, 4, 'Taipei', '15:51'),
(1237, 4, 'Banqiao', '15:59'),
(1237, 4, 'Taichung', '16:40'),
(1237, 4, 'Tainan', '17:18'),
(1237, 4, 'Zuoying', '17:30'),
(1237, 5, 'Nangang', '15:40'),
(1237, 5, 'Taipei', '15:51'),
(1237, 5, 'Banqiao', '15:59'),
(1237, 5, 'Taichung', '16:40'),
(1237, 5, 'Tainan', '17:18'),
(1237, 5, 'Zuoying', '17:30'),
(1237, 6, 'Nangang', '15:40'),
(1237, 6, 'Taipei', '15:51'),
(1237, 6, 'Banqiao', '15:59'),
(1237, 6, 'Taichung', '16:40'),
(1237, 6, 'Tainan', '17:18'),
(1237, 6, 'Zuoying', '17:30'),
(1237, 7, 'Nangang', '15:40'),
(1237, 7, 'Taipei', '15:51'),
(1237, 7, 'Banqiao', '15:59'),
(1237, 7, 'Taichung', '16:40'),
(1237, 7, 'Tainan', '17:18'),
(1237, 7, 'Zuoying', '17:30'),
(1241, 1, 'Nangang', '16:40'),
(1241, 1, 'Taipei', '16:51'),
(1241, 1, 'Banqiao', '16:59'),
(1241, 1, 'Taichung', '17:40'),
(1241, 1, 'Tainan', '18:18'),
(1241, 1, 'Zuoying', '18:30'),
(1241, 2, 'Nangang', '16:40'),
(1241, 2, 'Taipei', '16:51'),
(1241, 2, 'Banqiao', '16:59'),
(1241, 2, 'Taichung', '17:40'),
(1241, 2, 'Tainan', '18:18'),
(1241, 2, 'Zuoying', '18:30'),
(1241, 3, 'Nangang', '16:40'),
(1241, 3, 'Taipei', '16:51'),
(1241, 3, 'Banqiao', '16:59'),
(1241, 3, 'Taichung', '17:40'),
(1241, 3, 'Tainan', '18:18'),
(1241, 3, 'Zuoying', '18:30'),
(1241, 4, 'Nangang', '16:40'),
(1241, 4, 'Taipei', '16:51'),
(1241, 4, 'Banqiao', '16:59'),
(1241, 4, 'Taichung', '17:40'),
(1241, 4, 'Tainan', '18:18'),
(1241, 4, 'Zuoying', '18:30'),
(1241, 5, 'Nangang', '16:40'),
(1241, 5, 'Taipei', '16:51'),
(1241, 5, 'Banqiao', '16:59'),
(1241, 5, 'Taichung', '17:40'),
(1241, 5, 'Tainan', '18:18'),
(1241, 5, 'Zuoying', '18:30'),
(1245, 1, 'Nangang', '17:40'),
(1245, 1, 'Taipei', '17:51'),
(1245, 1, 'Banqiao', '17:59'),
(1245, 1, 'Taichung', '18:40'),
(1245, 1, 'Tainan', '19:18'),
(1245, 1, 'Zuoying', '19:30'),
(1245, 2, 'Nangang', '17:40'),
(1245, 2, 'Taipei', '17:51'),
(1245, 2, 'Banqiao', '17:59'),
(1245, 2, 'Taichung', '18:40'),
(1245, 2, 'Tainan', '19:18'),
(1245, 2, 'Zuoying', '19:30'),
(1245, 3, 'Nangang', '17:40'),
(1245, 3, 'Taipei', '17:51'),
(1245, 3, 'Banqiao', '17:59'),
(1245, 3, 'Taichung', '18:40'),
(1245, 3, 'Tainan', '19:18'),
(1245, 3, 'Zuoying', '19:30'),
(1245, 4, 'Nangang', '17:40'),
(1245, 4, 'Taipei', '17:51'),
(1245, 4, 'Banqiao', '17:59'),
(1245, 4, 'Taichung', '18:40'),
(1245, 4, 'Tainan', '19:18'),
(1245, 4, 'Zuoying', '19:30'),
(1245, 5, 'Nangang', '17:40'),
(1245, 5, 'Taipei', '17:51'),
(1245, 5, 'Banqiao', '17:59'),
(1245, 5, 'Taichung', '18:40'),
(1245, 5, 'Tainan', '19:18'),
(1245, 5, 'Zuoying', '19:30'),
(1253, 1, 'Nangang', '19:40'),
(1253, 1, 'Taipei', '19:51'),
(1253, 1, 'Banqiao', '19:59'),
(1253, 1, 'Taichung', '20:40'),
(1253, 1, 'Tainan', '21:18'),
(1253, 1, 'Zuoying', '21:30'),
(1253, 2, 'Nangang', '19:40'),
(1253, 2, 'Taipei', '19:51'),
(1253, 2, 'Banqiao', '19:59'),
(1253, 2, 'Taichung', '20:40'),
(1253, 2, 'Tainan', '21:18'),
(1253, 2, 'Zuoying', '21:30'),
(1253, 4, 'Nangang', '19:40'),
(1253, 4, 'Taipei', '19:51'),
(1253, 4, 'Banqiao', '19:59'),
(1253, 4, 'Taichung', '20:40'),
(1253, 4, 'Tainan', '21:18'),
(1253, 4, 'Zuoying', '21:30'),
(1253, 5, 'Nangang', '19:40'),
(1253, 5, 'Taipei', '19:51'),
(1253, 5, 'Banqiao', '19:59'),
(1253, 5, 'Taichung', '20:40'),
(1253, 5, 'Tainan', '21:18'),
(1253, 5, 'Zuoying', '21:30'),
(1253, 6, 'Nangang', '19:40'),
(1253, 6, 'Taipei', '19:51'),
(1253, 6, 'Banqiao', '19:59'),
(1253, 6, 'Taichung', '20:40'),
(1253, 6, 'Tainan', '21:18'),
(1253, 6, 'Zuoying', '21:30'),
(1253, 7, 'Nangang', '19:40'),
(1253, 7, 'Taipei', '19:51'),
(1253, 7, 'Banqiao', '19:59'),
(1253, 7, 'Taichung', '20:40'),
(1253, 7, 'Tainan', '21:18'),
(1253, 7, 'Zuoying', '21:30'),
(1257, 1, 'Nangang', '20:40'),
(1257, 1, 'Taipei', '20:51'),
(1257, 1, 'Banqiao', '20:59'),
(1257, 1, 'Taichung', '21:40'),
(1257, 1, 'Tainan', '22:18'),
(1257, 1, 'Zuoying', '22:30'),
(1257, 3, 'Nangang', '20:40'),
(1257, 3, 'Taipei', '20:51'),
(1257, 3, 'Banqiao', '20:59'),
(1257, 3, 'Taichung', '21:40'),
(1257, 3, 'Tainan', '22:18'),
(1257, 3, 'Zuoying', '22:30'),
(1257, 5, 'Nangang', '20:40'),
(1257, 5, 'Taipei', '20:51'),
(1257, 5, 'Banqiao', '20:59'),
(1257, 5, 'Taichung', '21:40'),
(1257, 5, 'Tainan', '22:18'),
(1257, 5, 'Zuoying', '22:30'),
(1305, 6, 'Nangang', '7:50'),
(1305, 6, 'Taipei', '8:01'),
(1305, 6, 'Taichung', '8:54'),
(1305, 6, 'Changhua', '9:06'),
(1305, 6, 'Yunlin', '9:17'),
(1305, 6, 'Chiayi', '9:30'),
(1305, 6, 'Tainan', '9:48'),
(1305, 6, 'Zuoying', '10:00'),
(1305, 7, 'Nangang', '7:50'),
(1305, 7, 'Taipei', '8:01'),
(1305, 7, 'Taichung', '8:54'),
(1305, 7, 'Changhua', '9:06'),
(1305, 7, 'Yunlin', '9:17'),
(1305, 7, 'Chiayi', '9:30'),
(1305, 7, 'Tainan', '9:48'),
(1305, 7, 'Zuoying', '10:00'),
(1307, 6, 'Nangang', '8:50'),
(1307, 6, 'Taipei', '9:01'),
(1307, 6, 'Taoyuan', '9:20'),
(1307, 6, 'Taichung', '9:54'),
(1307, 6, 'Changhua', '10:06'),
(1307, 6, 'Yunlin', '10:17'),
(1307, 6, 'Chiayi', '10:30'),
(1307, 6, 'Tainan', '10:48'),
(1307, 6, 'Zuoying', '11:00'),
(1307, 7, 'Nangang', '8:50'),
(1307, 7, 'Taipei', '9:01'),
(1307, 7, 'Taoyuan', '9:20'),
(1307, 7, 'Taichung', '9:54'),
(1307, 7, 'Changhua', '10:06'),
(1307, 7, 'Yunlin', '10:17'),
(1307, 7, 'Chiayi', '10:30'),
(1307, 7, 'Tainan', '10:48'),
(1307, 7, 'Zuoying', '11:00'),
(1309, 5, 'Nangang', '9:50'),
(1309, 5, 'Taipei', '10:01'),
(1309, 5, 'Taoyuan', '10:20'),
(1309, 5, 'Taichung', '10:54'),
(1309, 5, 'Changhua', '11:06'),
(1309, 5, 'Yunlin', '11:17'),
(1309, 5, 'Chiayi', '11:30'),
(1309, 5, 'Tainan', '11:48'),
(1309, 5, 'Zuoying', '12:00'),
(1309, 6, 'Nangang', '9:50'),
(1309, 6, 'Taipei', '10:01'),
(1309, 6, 'Taoyuan', '10:20'),
(1309, 6, 'Taichung', '10:54'),
(1309, 6, 'Changhua', '11:06'),
(1309, 6, 'Yunlin', '11:17'),
(1309, 6, 'Chiayi', '11:30'),
(1309, 6, 'Tainan', '11:48'),
(1309, 6, 'Zuoying', '12:00'),
(1309, 7, 'Nangang', '9:50'),
(1309, 7, 'Taipei', '10:01'),
(1309, 7, 'Taoyuan', '10:20'),
(1309, 7, 'Taichung', '10:54'),
(1309, 7, 'Changhua', '11:06'),
(1309, 7, 'Yunlin', '11:17'),
(1309, 7, 'Chiayi', '11:30'),
(1309, 7, 'Tainan', '11:48'),
(1309, 7, 'Zuoying', '12:00'),
(1321, 1, 'Nangang', '15:50'),
(1321, 1, 'Taipei', '16:01'),
(1321, 1, 'Taoyuan', '16:20'),
(1321, 1, 'Taichung', '16:54'),
(1321, 1, 'Changhua', '17:06'),
(1321, 1, 'Yunlin', '17:17'),
(1321, 1, 'Chiayi', '17:30'),
(1321, 1, 'Tainan', '17:48'),
(1321, 1, 'Zuoying', '18:00'),
(1321, 2, 'Nangang', '15:50'),
(1321, 2, 'Taipei', '16:01'),
(1321, 2, 'Taoyuan', '16:20'),
(1321, 2, 'Taichung', '16:54'),
(1321, 2, 'Changhua', '17:06'),
(1321, 2, 'Yunlin', '17:17'),
(1321, 2, 'Chiayi', '17:30'),
(1321, 2, 'Tainan', '17:48'),
(1321, 2, 'Zuoying', '18:00'),
(1321, 3, 'Nangang', '15:50'),
(1321, 3, 'Taipei', '16:01'),
(1321, 3, 'Taoyuan', '16:20'),
(1321, 3, 'Taichung', '16:54'),
(1321, 3, 'Changhua', '17:06'),
(1321, 3, 'Yunlin', '17:17'),
(1321, 3, 'Chiayi', '17:30'),
(1321, 3, 'Tainan', '17:48'),
(1321, 3, 'Zuoying', '18:00'),
(1321, 4, 'Nangang', '15:50'),
(1321, 4, 'Taipei', '16:01'),
(1321, 4, 'Taoyuan', '16:20'),
(1321, 4, 'Taichung', '16:54'),
(1321, 4, 'Changhua', '17:06'),
(1321, 4, 'Yunlin', '17:17'),
(1321, 4, 'Chiayi', '17:30'),
(1321, 4, 'Tainan', '17:48'),
(1321, 4, 'Zuoying', '18:00'),
(1321, 5, 'Nangang', '15:50'),
(1321, 5, 'Taipei', '16:01'),
(1321, 5, 'Taoyuan', '16:20'),
(1321, 5, 'Taichung', '16:54'),
(1321, 5, 'Changhua', '17:06'),
(1321, 5, 'Yunlin', '17:17'),
(1321, 5, 'Chiayi', '17:30'),
(1321, 5, 'Tainan', '17:48'),
(1321, 5, 'Zuoying', '18:00'),
(1321, 6, 'Nangang', '15:50'),
(1321, 6, 'Taipei', '16:01'),
(1321, 6, 'Taoyuan', '16:20'),
(1321, 6, 'Taichung', '16:54'),
(1321, 6, 'Changhua', '17:06'),
(1321, 6, 'Yunlin', '17:17'),
(1321, 6, 'Chiayi', '17:30'),
(1321, 6, 'Tainan', '17:48'),
(1321, 6, 'Zuoying', '18:00'),
(1321, 7, 'Nangang', '15:50'),
(1321, 7, 'Taipei', '16:01'),
(1321, 7, 'Taoyuan', '16:20'),
(1321, 7, 'Taichung', '16:54'),
(1321, 7, 'Changhua', '17:06'),
(1321, 7, 'Yunlin', '17:17'),
(1321, 7, 'Chiayi', '17:30'),
(1321, 7, 'Tainan', '17:48'),
(1321, 7, 'Zuoying', '18:00'),
(1327, 1, 'Nangang', '18:50'),
(1327, 1, 'Taipei', '19:01'),
(1327, 1, 'Taoyuan', '19:20'),
(1327, 1, 'Taichung', '19:54'),
(1327, 1, 'Changhua', '20:06'),
(1327, 1, 'Yunlin', '20:17'),
(1327, 1, 'Chiayi', '20:30'),
(1327, 1, 'Tainan', '20:48'),
(1327, 1, 'Zuoying', '21:00'),
(1327, 2, 'Nangang', '18:50'),
(1327, 2, 'Taipei', '19:01'),
(1327, 2, 'Taoyuan', '19:20'),
(1327, 2, 'Taichung', '19:54'),
(1327, 2, 'Changhua', '20:06'),
(1327, 2, 'Yunlin', '20:17'),
(1327, 2, 'Chiayi', '20:30'),
(1327, 2, 'Tainan', '20:48'),
(1327, 2, 'Zuoying', '21:00'),
(1327, 3, 'Nangang', '18:50'),
(1327, 3, 'Taipei', '19:01'),
(1327, 3, 'Taoyuan', '19:20'),
(1327, 3, 'Taichung', '19:54'),
(1327, 3, 'Changhua', '20:06'),
(1327, 3, 'Yunlin', '20:17'),
(1327, 3, 'Chiayi', '20:30'),
(1327, 3, 'Tainan', '20:48'),
(1327, 3, 'Zuoying', '21:00'),
(1327, 4, 'Nangang', '18:50'),
(1327, 4, 'Taipei', '19:01'),
(1327, 4, 'Taoyuan', '19:20'),
(1327, 4, 'Taichung', '19:54'),
(1327, 4, 'Changhua', '20:06'),
(1327, 4, 'Yunlin', '20:17'),
(1327, 4, 'Chiayi', '20:30'),
(1327, 4, 'Tainan', '20:48'),
(1327, 4, 'Zuoying', '21:00'),
(1327, 5, 'Nangang', '18:50'),
(1327, 5, 'Taipei', '19:01'),
(1327, 5, 'Taoyuan', '19:20'),
(1327, 5, 'Taichung', '19:54'),
(1327, 5, 'Changhua', '20:06'),
(1327, 5, 'Yunlin', '20:17'),
(1327, 5, 'Chiayi', '20:30'),
(1327, 5, 'Tainan', '20:48'),
(1327, 5, 'Zuoying', '21:00'),
(1327, 6, 'Nangang', '18:50'),
(1327, 6, 'Taipei', '19:01'),
(1327, 6, 'Taoyuan', '19:20'),
(1327, 6, 'Taichung', '19:54'),
(1327, 6, 'Changhua', '20:06'),
(1327, 6, 'Yunlin', '20:17'),
(1327, 6, 'Chiayi', '20:30'),
(1327, 6, 'Tainan', '20:48'),
(1327, 6, 'Zuoying', '21:00'),
(1327, 7, 'Nangang', '18:50'),
(1327, 7, 'Taipei', '19:01'),
(1327, 7, 'Taoyuan', '19:20'),
(1327, 7, 'Taichung', '19:54'),
(1327, 7, 'Changhua', '20:06'),
(1327, 7, 'Yunlin', '20:17'),
(1327, 7, 'Chiayi', '20:30'),
(1327, 7, 'Tainan', '20:48'),
(1327, 7, 'Zuoying', '21:00'),
(1505, 1, 'Nangang', '7:25'),
(1505, 1, 'Taipei', '7:36'),
(1505, 1, 'Taoyuan', '8:01'),
(1505, 1, 'Hsinchu', '8:12'),
(1505, 1, 'Miaoli', '8:25'),
(1505, 1, 'Taichung', '8:42'),
(1505, 2, 'Nangang', '7:25'),
(1505, 2, 'Taipei', '7:36'),
(1505, 2, 'Taoyuan', '8:01'),
(1505, 2, 'Hsinchu', '8:12'),
(1505, 2, 'Miaoli', '8:25'),
(1505, 2, 'Taichung', '8:42'),
(1505, 3, 'Nangang', '7:25'),
(1505, 3, 'Taipei', '7:36'),
(1505, 3, 'Taoyuan', '8:01'),
(1505, 3, 'Hsinchu', '8:12'),
(1505, 3, 'Miaoli', '8:25'),
(1505, 3, 'Taichung', '8:42'),
(1505, 4, 'Nangang', '7:25'),
(1505, 4, 'Taipei', '7:36'),
(1505, 4, 'Taoyuan', '8:01'),
(1505, 4, 'Hsinchu', '8:12'),
(1505, 4, 'Miaoli', '8:25'),
(1505, 4, 'Taichung', '8:42'),
(1505, 5, 'Nangang', '7:25'),
(1505, 5, 'Taipei', '7:36'),
(1505, 5, 'Taoyuan', '8:01'),
(1505, 5, 'Hsinchu', '8:12'),
(1505, 5, 'Miaoli', '8:25'),
(1505, 5, 'Taichung', '8:42'),
(1509, 1, 'Nangang', '8:25'),
(1509, 1, 'Taipei', '8:36'),
(1509, 1, 'Banqiao', '8:46'),
(1509, 1, 'Taoyuan', '9:01'),
(1509, 1, 'Hsinchu', '9:12'),
(1509, 1, 'Miaoli', '9:25'),
(1509, 1, 'Taichung', '9:42'),
(1509, 2, 'Nangang', '8:25'),
(1509, 2, 'Taipei', '8:36'),
(1509, 2, 'Banqiao', '8:46'),
(1509, 2, 'Taoyuan', '9:01'),
(1509, 2, 'Hsinchu', '9:12'),
(1509, 2, 'Miaoli', '9:25'),
(1509, 2, 'Taichung', '9:42'),
(1509, 3, 'Nangang', '8:25'),
(1509, 3, 'Taipei', '8:36'),
(1509, 3, 'Banqiao', '8:46'),
(1509, 3, 'Taoyuan', '9:01'),
(1509, 3, 'Hsinchu', '9:12'),
(1509, 3, 'Miaoli', '9:25'),
(1509, 3, 'Taichung', '9:42'),
(1509, 4, 'Nangang', '8:25'),
(1509, 4, 'Taipei', '8:36'),
(1509, 4, 'Banqiao', '8:46'),
(1509, 4, 'Taoyuan', '9:01'),
(1509, 4, 'Hsinchu', '9:12'),
(1509, 4, 'Miaoli', '9:25'),
(1509, 4, 'Taichung', '9:42'),
(1509, 5, 'Nangang', '8:25'),
(1509, 5, 'Taipei', '8:36'),
(1509, 5, 'Banqiao', '8:46'),
(1509, 5, 'Taoyuan', '9:01'),
(1509, 5, 'Hsinchu', '9:12'),
(1509, 5, 'Miaoli', '9:25'),
(1509, 5, 'Taichung', '9:42'),
(1509, 6, 'Nangang', '8:25'),
(1509, 6, 'Taipei', '8:36'),
(1509, 6, 'Banqiao', '8:46'),
(1509, 6, 'Taoyuan', '9:01'),
(1509, 6, 'Hsinchu', '9:12'),
(1509, 6, 'Miaoli', '9:25'),
(1509, 6, 'Taichung', '9:42'),
(1509, 7, 'Nangang', '8:25'),
(1509, 7, 'Taipei', '8:36'),
(1509, 7, 'Banqiao', '8:46'),
(1509, 7, 'Taoyuan', '9:01'),
(1509, 7, 'Hsinchu', '9:12'),
(1509, 7, 'Miaoli', '9:25'),
(1509, 7, 'Taichung', '9:42'),
(1513, 1, 'Nangang', '9:25'),
(1513, 1, 'Taipei', '9:36'),
(1513, 1, 'Banqiao', '9:46'),
(1513, 1, 'Taoyuan', '10:01'),
(1513, 1, 'Hsinchu', '10:12'),
(1513, 1, 'Miaoli', '10:25'),
(1513, 1, 'Taichung', '10:42'),
(1513, 2, 'Nangang', '9:25'),
(1513, 2, 'Taipei', '9:36'),
(1513, 2, 'Banqiao', '9:46'),
(1513, 2, 'Taoyuan', '10:01'),
(1513, 2, 'Hsinchu', '10:12'),
(1513, 2, 'Miaoli', '10:25'),
(1513, 2, 'Taichung', '10:42'),
(1513, 3, 'Nangang', '9:25'),
(1513, 3, 'Taipei', '9:36'),
(1513, 3, 'Banqiao', '9:46'),
(1513, 3, 'Taoyuan', '10:01'),
(1513, 3, 'Hsinchu', '10:12'),
(1513, 3, 'Miaoli', '10:25'),
(1513, 3, 'Taichung', '10:42'),
(1513, 4, 'Nangang', '9:25'),
(1513, 4, 'Taipei', '9:36'),
(1513, 4, 'Banqiao', '9:46'),
(1513, 4, 'Taoyuan', '10:01'),
(1513, 4, 'Hsinchu', '10:12'),
(1513, 4, 'Miaoli', '10:25'),
(1513, 4, 'Taichung', '10:42'),
(1513, 5, 'Nangang', '9:25'),
(1513, 5, 'Taipei', '9:36'),
(1513, 5, 'Banqiao', '9:46'),
(1513, 5, 'Taoyuan', '10:01'),
(1513, 5, 'Hsinchu', '10:12'),
(1513, 5, 'Miaoli', '10:25'),
(1513, 5, 'Taichung', '10:42'),
(1513, 6, 'Nangang', '9:25'),
(1513, 6, 'Taipei', '9:36'),
(1513, 6, 'Banqiao', '9:46'),
(1513, 6, 'Taoyuan', '10:01'),
(1513, 6, 'Hsinchu', '10:12'),
(1513, 6, 'Miaoli', '10:25'),
(1513, 6, 'Taichung', '10:42'),
(1513, 7, 'Nangang', '9:25'),
(1513, 7, 'Taipei', '9:36'),
(1513, 7, 'Banqiao', '9:46'),
(1513, 7, 'Taoyuan', '10:01'),
(1513, 7, 'Hsinchu', '10:12'),
(1513, 7, 'Miaoli', '10:25'),
(1513, 7, 'Taichung', '10:42'),
(1541, 1, 'Nangang', '16:25'),
(1541, 1, 'Taipei', '16:36'),
(1541, 1, 'Banqiao', '16:46'),
(1541, 1, 'Taoyuan', '17:01'),
(1541, 1, 'Hsinchu', '17:12'),
(1541, 1, 'Miaoli', '17:25'),
(1541, 1, 'Taichung', '17:42'),
(1541, 2, 'Nangang', '16:25'),
(1541, 2, 'Taipei', '16:36'),
(1541, 2, 'Banqiao', '16:46'),
(1541, 2, 'Taoyuan', '17:01'),
(1541, 2, 'Hsinchu', '17:12'),
(1541, 2, 'Miaoli', '17:25'),
(1541, 2, 'Taichung', '17:42'),
(1541, 3, 'Nangang', '16:25'),
(1541, 3, 'Taipei', '16:36'),
(1541, 3, 'Banqiao', '16:46'),
(1541, 3, 'Taoyuan', '17:01'),
(1541, 3, 'Hsinchu', '17:12'),
(1541, 3, 'Miaoli', '17:25'),
(1541, 3, 'Taichung', '17:42'),
(1541, 4, 'Nangang', '16:25'),
(1541, 4, 'Taipei', '16:36'),
(1541, 4, 'Banqiao', '16:46'),
(1541, 4, 'Taoyuan', '17:01'),
(1541, 4, 'Hsinchu', '17:12'),
(1541, 4, 'Miaoli', '17:25'),
(1541, 4, 'Taichung', '17:42'),
(1541, 5, 'Nangang', '16:25'),
(1541, 5, 'Taipei', '16:36'),
(1541, 5, 'Banqiao', '16:46'),
(1541, 5, 'Taoyuan', '17:01'),
(1541, 5, 'Hsinchu', '17:12'),
(1541, 5, 'Miaoli', '17:25'),
(1541, 5, 'Taichung', '17:42'),
(1541, 6, 'Nangang', '16:25'),
(1541, 6, 'Taipei', '16:36'),
(1541, 6, 'Banqiao', '16:46'),
(1541, 6, 'Taoyuan', '17:01'),
(1541, 6, 'Hsinchu', '17:12'),
(1541, 6, 'Miaoli', '17:25'),
(1541, 6, 'Taichung', '17:42'),
(1541, 7, 'Nangang', '16:25'),
(1541, 7, 'Taipei', '16:36'),
(1541, 7, 'Banqiao', '16:46'),
(1541, 7, 'Taoyuan', '17:01'),
(1541, 7, 'Hsinchu', '17:12'),
(1541, 7, 'Miaoli', '17:25'),
(1541, 7, 'Taichung', '17:42'),
(1545, 1, 'Nangang', '17:25'),
(1545, 1, 'Taipei', '17:36'),
(1545, 1, 'Banqiao', '17:46'),
(1545, 1, 'Taoyuan', '18:01'),
(1545, 1, 'Hsinchu', '18:12'),
(1545, 1, 'Miaoli', '18:25'),
(1545, 1, 'Taichung', '18:42'),
(1545, 2, 'Nangang', '17:25'),
(1545, 2, 'Taipei', '17:36'),
(1545, 2, 'Banqiao', '17:46'),
(1545, 2, 'Taoyuan', '18:01'),
(1545, 2, 'Hsinchu', '18:12'),
(1545, 2, 'Miaoli', '18:25'),
(1545, 2, 'Taichung', '18:42'),
(1545, 3, 'Nangang', '17:25'),
(1545, 3, 'Taipei', '17:36'),
(1545, 3, 'Banqiao', '17:46'),
(1545, 3, 'Taoyuan', '18:01'),
(1545, 3, 'Hsinchu', '18:12'),
(1545, 3, 'Miaoli', '18:25'),
(1545, 3, 'Taichung', '18:42'),
(1545, 4, 'Nangang', '17:25'),
(1545, 4, 'Taipei', '17:36'),
(1545, 4, 'Banqiao', '17:46'),
(1545, 4, 'Taoyuan', '18:01'),
(1545, 4, 'Hsinchu', '18:12'),
(1545, 4, 'Miaoli', '18:25'),
(1545, 4, 'Taichung', '18:42'),
(1545, 5, 'Nangang', '17:25'),
(1545, 5, 'Taipei', '17:36'),
(1545, 5, 'Banqiao', '17:46'),
(1545, 5, 'Taoyuan', '18:01'),
(1545, 5, 'Hsinchu', '18:12'),
(1545, 5, 'Miaoli', '18:25'),
(1545, 5, 'Taichung', '18:42'),
(1549, 1, 'Nangang', '18:25'),
(1549, 1, 'Taipei', '18:36'),
(1549, 1, 'Banqiao', '18:46'),
(1549, 1, 'Taoyuan', '19:01'),
(1549, 1, 'Hsinchu', '19:12'),
(1549, 1, 'Miaoli', '19:25'),
(1549, 1, 'Taichung', '19:42'),
(1549, 3, 'Nangang', '18:25'),
(1549, 3, 'Taipei', '18:36'),
(1549, 3, 'Banqiao', '18:46'),
(1549, 3, 'Taoyuan', '19:01'),
(1549, 3, 'Hsinchu', '19:12'),
(1549, 3, 'Miaoli', '19:25'),
(1549, 3, 'Taichung', '19:42'),
(1549, 5, 'Nangang', '18:25'),
(1549, 5, 'Taipei', '18:36'),
(1549, 5, 'Banqiao', '18:46'),
(1549, 5, 'Taoyuan', '19:01'),
(1549, 5, 'Hsinchu', '19:12'),
(1549, 5, 'Miaoli', '19:25'),
(1549, 5, 'Taichung', '19:42'),
(1549, 7, 'Nangang', '18:25'),
(1549, 7, 'Taipei', '18:36'),
(1549, 7, 'Banqiao', '18:46'),
(1549, 7, 'Taoyuan', '19:01'),
(1549, 7, 'Hsinchu', '19:12'),
(1549, 7, 'Miaoli', '19:25'),
(1549, 7, 'Taichung', '19:42'),
(1553, 1, 'Nangang', '19:25'),
(1553, 1, 'Taipei', '19:36'),
(1553, 1, 'Banqiao', '19:46'),
(1553, 1, 'Taoyuan', '20:01'),
(1553, 1, 'Hsinchu', '20:12'),
(1553, 1, 'Miaoli', '20:25'),
(1553, 1, 'Taichung', '20:42'),
(1553, 2, 'Nangang', '19:25'),
(1553, 2, 'Taipei', '19:36'),
(1553, 2, 'Banqiao', '19:46'),
(1553, 2, 'Taoyuan', '20:01'),
(1553, 2, 'Hsinchu', '20:12'),
(1553, 2, 'Miaoli', '20:25'),
(1553, 2, 'Taichung', '20:42'),
(1553, 5, 'Nangang', '19:25'),
(1553, 5, 'Taipei', '19:36'),
(1553, 5, 'Banqiao', '19:46'),
(1553, 5, 'Taoyuan', '20:01'),
(1553, 5, 'Hsinchu', '20:12'),
(1553, 5, 'Miaoli', '20:25'),
(1553, 5, 'Taichung', '20:42'),
(1553, 6, 'Nangang', '19:25'),
(1553, 6, 'Taipei', '19:36'),
(1553, 6, 'Banqiao', '19:46'),
(1553, 6, 'Taoyuan', '20:01'),
(1553, 6, 'Hsinchu', '20:12'),
(1553, 6, 'Miaoli', '20:25'),
(1553, 6, 'Taichung', '20:42'),
(1553, 7, 'Nangang', '19:25'),
(1553, 7, 'Taipei', '19:36'),
(1553, 7, 'Banqiao', '19:46'),
(1553, 7, 'Taoyuan', '20:01'),
(1553, 7, 'Hsinchu', '20:12'),
(1553, 7, 'Miaoli', '20:25'),
(1553, 7, 'Taichung', '20:42'),
(1557, 1, 'Nangang', '20:25'),
(1557, 1, 'Taipei', '20:36'),
(1557, 1, 'Banqiao', '20:46'),
(1557, 1, 'Taoyuan', '21:01'),
(1557, 1, 'Hsinchu', '21:12'),
(1557, 1, 'Miaoli', '21:25'),
(1557, 1, 'Taichung', '21:42'),
(1557, 4, 'Nangang', '20:25'),
(1557, 4, 'Taipei', '20:36'),
(1557, 4, 'Banqiao', '20:46'),
(1557, 4, 'Taoyuan', '21:01'),
(1557, 4, 'Hsinchu', '21:12'),
(1557, 4, 'Miaoli', '21:25'),
(1557, 4, 'Taichung', '21:42'),
(1557, 6, 'Nangang', '20:25'),
(1557, 6, 'Taipei', '20:36'),
(1557, 6, 'Banqiao', '20:46'),
(1557, 6, 'Taoyuan', '21:01'),
(1557, 6, 'Hsinchu', '21:12'),
(1557, 6, 'Miaoli', '21:25'),
(1557, 6, 'Taichung', '21:42'),
(1557, 7, 'Nangang', '20:25'),
(1557, 7, 'Taipei', '20:36'),
(1557, 7, 'Banqiao', '20:46'),
(1557, 7, 'Taoyuan', '21:01'),
(1557, 7, 'Hsinchu', '21:12'),
(1557, 7, 'Miaoli', '21:25'),
(1557, 7, 'Taichung', '21:42'),
(1563, 1, 'Nangang', '21:55'),
(1563, 1, 'Taipei', '22:05'),
(1563, 1, 'Banqiao', '22:14'),
(1563, 1, 'Taoyuan', '22:27'),
(1563, 1, 'Hsinchu', '22:38'),
(1563, 1, 'Miaoli', '22:52'),
(1563, 1, 'Taichung', '23:10'),
(1563, 2, 'Nangang', '21:55'),
(1563, 2, 'Taipei', '22:05'),
(1563, 2, 'Banqiao', '22:14'),
(1563, 2, 'Taoyuan', '22:27'),
(1563, 2, 'Hsinchu', '22:38'),
(1563, 2, 'Miaoli', '22:52'),
(1563, 2, 'Taichung', '23:10'),
(1563, 4, 'Nangang', '21:55'),
(1563, 4, 'Taipei', '22:05'),
(1563, 4, 'Banqiao', '22:14'),
(1563, 4, 'Taoyuan', '22:27'),
(1563, 4, 'Hsinchu', '22:38'),
(1563, 4, 'Miaoli', '22:52'),
(1563, 4, 'Taichung', '23:10'),
(1563, 5, 'Nangang', '21:55'),
(1563, 5, 'Taipei', '22:05'),
(1563, 5, 'Banqiao', '22:14'),
(1563, 5, 'Taoyuan', '22:27'),
(1563, 5, 'Hsinchu', '22:38'),
(1563, 5, 'Miaoli', '22:52'),
(1563, 5, 'Taichung', '23:10'),
(1563, 6, 'Nangang', '21:55'),
(1563, 6, 'Taipei', '22:05'),
(1563, 6, 'Banqiao', '22:14'),
(1563, 6, 'Taoyuan', '22:27'),
(1563, 6, 'Hsinchu', '22:38'),
(1563, 6, 'Miaoli', '22:52'),
(1563, 6, 'Taichung', '23:10'),
(1563, 7, 'Nangang', '21:55'),
(1563, 7, 'Taipei', '22:05'),
(1563, 7, 'Banqiao', '22:14'),
(1563, 7, 'Taoyuan', '22:27'),
(1563, 7, 'Hsinchu', '22:38'),
(1563, 7, 'Miaoli', '22:52'),
(1563, 7, 'Taichung', '23:10'),
(1607, 1, 'Nangang', '7:10'),
(1607, 1, 'Taipei', '7:21'),
(1607, 1, 'Banqiao', '7:29'),
(1607, 1, 'Taoyuan', '7:43'),
(1607, 1, 'Hsinchu', '7:56'),
(1607, 1, 'Taichung', '8:25'),
(1607, 1, 'Chiayi', '8:50'),
(1607, 1, 'Tainan', '9:07'),
(1607, 1, 'Zuoying', '9:20'),
(1607, 2, 'Nangang', '7:10'),
(1607, 2, 'Taipei', '7:21'),
(1607, 2, 'Banqiao', '7:29'),
(1607, 2, 'Taoyuan', '7:43'),
(1607, 2, 'Hsinchu', '7:56'),
(1607, 2, 'Taichung', '8:25'),
(1607, 2, 'Chiayi', '8:50'),
(1607, 2, 'Tainan', '9:07'),
(1607, 2, 'Zuoying', '9:20'),
(1607, 3, 'Nangang', '7:10'),
(1607, 3, 'Taipei', '7:21'),
(1607, 3, 'Banqiao', '7:29'),
(1607, 3, 'Taoyuan', '7:43'),
(1607, 3, 'Hsinchu', '7:56'),
(1607, 3, 'Taichung', '8:25'),
(1607, 3, 'Chiayi', '8:50'),
(1607, 3, 'Tainan', '9:07'),
(1607, 3, 'Zuoying', '9:20'),
(1607, 4, 'Nangang', '7:10'),
(1607, 4, 'Taipei', '7:21'),
(1607, 4, 'Banqiao', '7:29'),
(1607, 4, 'Taoyuan', '7:43'),
(1607, 4, 'Hsinchu', '7:56'),
(1607, 4, 'Taichung', '8:25'),
(1607, 4, 'Chiayi', '8:50'),
(1607, 4, 'Tainan', '9:07'),
(1607, 4, 'Zuoying', '9:20'),
(1607, 5, 'Nangang', '7:10'),
(1607, 5, 'Taipei', '7:21'),
(1607, 5, 'Banqiao', '7:29'),
(1607, 5, 'Taoyuan', '7:43'),
(1607, 5, 'Hsinchu', '7:56'),
(1607, 5, 'Taichung', '8:25'),
(1607, 5, 'Chiayi', '8:50'),
(1607, 5, 'Tainan', '9:07'),
(1607, 5, 'Zuoying', '9:20'),
(1607, 6, 'Nangang', '7:10'),
(1607, 6, 'Taipei', '7:21'),
(1607, 6, 'Banqiao', '7:29'),
(1607, 6, 'Taoyuan', '7:43'),
(1607, 6, 'Hsinchu', '7:56'),
(1607, 6, 'Taichung', '8:25'),
(1607, 6, 'Chiayi', '8:50'),
(1607, 6, 'Tainan', '9:07'),
(1607, 6, 'Zuoying', '9:20'),
(1607, 7, 'Nangang', '7:10'),
(1607, 7, 'Taipei', '7:21'),
(1607, 7, 'Banqiao', '7:29'),
(1607, 7, 'Taoyuan', '7:43'),
(1607, 7, 'Hsinchu', '7:56'),
(1607, 7, 'Taichung', '8:25'),
(1607, 7, 'Chiayi', '8:50'),
(1607, 7, 'Tainan', '9:07'),
(1607, 7, 'Zuoying', '9:20'),
(1631, 1, 'Nangang', '11:10'),
(1631, 1, 'Taipei', '11:21'),
(1631, 1, 'Banqiao', '11:29'),
(1631, 1, 'Taoyuan', '11:43'),
(1631, 1, 'Hsinchu', '11:56'),
(1631, 1, 'Taichung', '12:25'),
(1631, 1, 'Chiayi', '12:50'),
(1631, 1, 'Tainan', '13:07'),
(1631, 1, 'Zuoying', '13:20'),
(1631, 2, 'Nangang', '11:10'),
(1631, 2, 'Taipei', '11:21'),
(1631, 2, 'Banqiao', '11:29'),
(1631, 2, 'Taoyuan', '11:43'),
(1631, 2, 'Hsinchu', '11:56'),
(1631, 2, 'Taichung', '12:25'),
(1631, 2, 'Chiayi', '12:50'),
(1631, 2, 'Tainan', '13:07'),
(1631, 2, 'Zuoying', '13:20'),
(1631, 3, 'Nangang', '11:10'),
(1631, 3, 'Taipei', '11:21'),
(1631, 3, 'Banqiao', '11:29'),
(1631, 3, 'Taoyuan', '11:43'),
(1631, 3, 'Hsinchu', '11:56'),
(1631, 3, 'Taichung', '12:25'),
(1631, 3, 'Chiayi', '12:50'),
(1631, 3, 'Tainan', '13:07'),
(1631, 3, 'Zuoying', '13:20'),
(1631, 4, 'Nangang', '11:10'),
(1631, 4, 'Taipei', '11:21'),
(1631, 4, 'Banqiao', '11:29'),
(1631, 4, 'Taoyuan', '11:43'),
(1631, 4, 'Hsinchu', '11:56'),
(1631, 4, 'Taichung', '12:25'),
(1631, 4, 'Chiayi', '12:50'),
(1631, 4, 'Tainan', '13:07'),
(1631, 4, 'Zuoying', '13:20'),
(1631, 5, 'Nangang', '11:10'),
(1631, 5, 'Taipei', '11:21'),
(1631, 5, 'Banqiao', '11:29'),
(1631, 5, 'Taoyuan', '11:43'),
(1631, 5, 'Hsinchu', '11:56'),
(1631, 5, 'Taichung', '12:25'),
(1631, 5, 'Chiayi', '12:50'),
(1631, 5, 'Tainan', '13:07'),
(1631, 5, 'Zuoying', '13:20'),
(1637, 1, 'Nangang', '12:10'),
(1637, 1, 'Taipei', '12:21'),
(1637, 1, 'Banqiao', '12:29'),
(1637, 1, 'Taoyuan', '12:43'),
(1637, 1, 'Hsinchu', '12:56'),
(1637, 1, 'Taichung', '13:25'),
(1637, 1, 'Chiayi', '13:50'),
(1637, 1, 'Tainan', '14:07'),
(1637, 1, 'Zuoying', '14:20'),
(1637, 2, 'Nangang', '12:10'),
(1637, 2, 'Taipei', '12:21'),
(1637, 2, 'Banqiao', '12:29'),
(1637, 2, 'Taoyuan', '12:43'),
(1637, 2, 'Hsinchu', '12:56'),
(1637, 2, 'Taichung', '13:25'),
(1637, 2, 'Chiayi', '13:50'),
(1637, 2, 'Tainan', '14:07'),
(1637, 2, 'Zuoying', '14:20'),
(1637, 3, 'Nangang', '12:10'),
(1637, 3, 'Taipei', '12:21'),
(1637, 3, 'Banqiao', '12:29');
INSERT INTO `stops_at` (`trainnr`, `day`, `name`, `time`) VALUES
(1637, 3, 'Taoyuan', '12:43'),
(1637, 3, 'Hsinchu', '12:56'),
(1637, 3, 'Taichung', '13:25'),
(1637, 3, 'Chiayi', '13:50'),
(1637, 3, 'Tainan', '14:07'),
(1637, 3, 'Zuoying', '14:20'),
(1637, 4, 'Nangang', '12:10'),
(1637, 4, 'Taipei', '12:21'),
(1637, 4, 'Banqiao', '12:29'),
(1637, 4, 'Taoyuan', '12:43'),
(1637, 4, 'Hsinchu', '12:56'),
(1637, 4, 'Taichung', '13:25'),
(1637, 4, 'Chiayi', '13:50'),
(1637, 4, 'Tainan', '14:07'),
(1637, 4, 'Zuoying', '14:20'),
(1637, 5, 'Nangang', '12:10'),
(1637, 5, 'Taipei', '12:21'),
(1637, 5, 'Banqiao', '12:29'),
(1637, 5, 'Taoyuan', '12:43'),
(1637, 5, 'Hsinchu', '12:56'),
(1637, 5, 'Taichung', '13:25'),
(1637, 5, 'Chiayi', '13:50'),
(1637, 5, 'Tainan', '14:07'),
(1637, 5, 'Zuoying', '14:20'),
(1643, 1, 'Nangang', '13:10'),
(1643, 1, 'Taipei', '13:21'),
(1643, 1, 'Banqiao', '13:29'),
(1643, 1, 'Taoyuan', '13:43'),
(1643, 1, 'Hsinchu', '13:56'),
(1643, 1, 'Taichung', '14:25'),
(1643, 1, 'Chiayi', '14:50'),
(1643, 1, 'Tainan', '15:07'),
(1643, 1, 'Zuoying', '15:20'),
(1643, 2, 'Nangang', '13:10'),
(1643, 2, 'Taipei', '13:21'),
(1643, 2, 'Banqiao', '13:29'),
(1643, 2, 'Taoyuan', '13:43'),
(1643, 2, 'Hsinchu', '13:56'),
(1643, 2, 'Taichung', '14:25'),
(1643, 2, 'Chiayi', '14:50'),
(1643, 2, 'Tainan', '15:07'),
(1643, 2, 'Zuoying', '15:20'),
(1643, 4, 'Nangang', '13:10'),
(1643, 4, 'Taipei', '13:21'),
(1643, 4, 'Banqiao', '13:29'),
(1643, 4, 'Taoyuan', '13:43'),
(1643, 4, 'Hsinchu', '13:56'),
(1643, 4, 'Taichung', '14:25'),
(1643, 4, 'Chiayi', '14:50'),
(1643, 4, 'Tainan', '15:07'),
(1643, 4, 'Zuoying', '15:20'),
(1643, 5, 'Nangang', '13:10'),
(1643, 5, 'Taipei', '13:21'),
(1643, 5, 'Banqiao', '13:29'),
(1643, 5, 'Taoyuan', '13:43'),
(1643, 5, 'Hsinchu', '13:56'),
(1643, 5, 'Taichung', '14:25'),
(1643, 5, 'Chiayi', '14:50'),
(1643, 5, 'Tainan', '15:07'),
(1643, 5, 'Zuoying', '15:20'),
(1643, 6, 'Nangang', '13:10'),
(1643, 6, 'Taipei', '13:21'),
(1643, 6, 'Banqiao', '13:29'),
(1643, 6, 'Taoyuan', '13:43'),
(1643, 6, 'Hsinchu', '13:56'),
(1643, 6, 'Taichung', '14:25'),
(1643, 6, 'Chiayi', '14:50'),
(1643, 6, 'Tainan', '15:07'),
(1643, 6, 'Zuoying', '15:20'),
(1643, 7, 'Nangang', '13:10'),
(1643, 7, 'Taipei', '13:21'),
(1643, 7, 'Banqiao', '13:29'),
(1643, 7, 'Taoyuan', '13:43'),
(1643, 7, 'Hsinchu', '13:56'),
(1643, 7, 'Taichung', '14:25'),
(1643, 7, 'Chiayi', '14:50'),
(1643, 7, 'Tainan', '15:07'),
(1643, 7, 'Zuoying', '15:20'),
(1649, 1, 'Nangang', '14:10'),
(1649, 1, 'Taipei', '14:21'),
(1649, 1, 'Banqiao', '14:29'),
(1649, 1, 'Taoyuan', '14:43'),
(1649, 1, 'Hsinchu', '14:56'),
(1649, 1, 'Taichung', '15:25'),
(1649, 1, 'Chiayi', '15:50'),
(1649, 1, 'Tainan', '16:07'),
(1649, 1, 'Zuoying', '16:20'),
(1649, 3, 'Nangang', '14:10'),
(1649, 3, 'Taipei', '14:21'),
(1649, 3, 'Banqiao', '14:29'),
(1649, 3, 'Taoyuan', '14:43'),
(1649, 3, 'Hsinchu', '14:56'),
(1649, 3, 'Taichung', '15:25'),
(1649, 3, 'Chiayi', '15:50'),
(1649, 3, 'Tainan', '16:07'),
(1649, 3, 'Zuoying', '16:20'),
(1649, 5, 'Nangang', '14:10'),
(1649, 5, 'Taipei', '14:21'),
(1649, 5, 'Banqiao', '14:29'),
(1649, 5, 'Taoyuan', '14:43'),
(1649, 5, 'Hsinchu', '14:56'),
(1649, 5, 'Taichung', '15:25'),
(1649, 5, 'Chiayi', '15:50'),
(1649, 5, 'Tainan', '16:07'),
(1649, 5, 'Zuoying', '16:20'),
(1655, 6, 'Nangang', '15:10'),
(1655, 6, 'Taipei', '15:21'),
(1655, 6, 'Banqiao', '15:29'),
(1655, 6, 'Taoyuan', '15:43'),
(1655, 6, 'Hsinchu', '15:56'),
(1655, 6, 'Taichung', '16:25'),
(1655, 6, 'Chiayi', '16:50'),
(1655, 6, 'Tainan', '17:07'),
(1655, 6, 'Zuoying', '17:20'),
(1655, 7, 'Nangang', '15:10'),
(1655, 7, 'Taipei', '15:21'),
(1655, 7, 'Banqiao', '15:29'),
(1655, 7, 'Taoyuan', '15:43'),
(1655, 7, 'Hsinchu', '15:56'),
(1655, 7, 'Taichung', '16:25'),
(1655, 7, 'Chiayi', '16:50'),
(1655, 7, 'Tainan', '17:07'),
(1655, 7, 'Zuoying', '17:20'),
(1679, 6, 'Nangang', '19:10'),
(1679, 6, 'Taipei', '19:21'),
(1679, 6, 'Banqiao', '19:29'),
(1679, 6, 'Taoyuan', '19:43'),
(1679, 6, 'Hsinchu', '19:56'),
(1679, 6, 'Taichung', '20:25'),
(1679, 6, 'Chiayi', '20:50'),
(1679, 6, 'Tainan', '21:07'),
(1679, 6, 'Zuoying', '21:20'),
(1679, 7, 'Nangang', '19:10'),
(1679, 7, 'Taipei', '19:21'),
(1679, 7, 'Banqiao', '19:29'),
(1679, 7, 'Taoyuan', '19:43'),
(1679, 7, 'Hsinchu', '19:56'),
(1679, 7, 'Taichung', '20:25'),
(1679, 7, 'Chiayi', '20:50'),
(1679, 7, 'Tainan', '21:07'),
(1679, 7, 'Zuoying', '21:20'),
(1685, 5, 'Nangang', '20:10'),
(1685, 5, 'Taipei', '20:21'),
(1685, 5, 'Banqiao', '20:29'),
(1685, 5, 'Taoyuan', '20:43'),
(1685, 5, 'Hsinchu', '20:56'),
(1685, 5, 'Taichung', '21:25'),
(1685, 5, 'Chiayi', '21:50'),
(1685, 5, 'Tainan', '22:07'),
(1685, 5, 'Zuoying', '22:20'),
(1685, 6, 'Nangang', '20:10'),
(1685, 6, 'Taipei', '20:21'),
(1685, 6, 'Banqiao', '20:29'),
(1685, 6, 'Taoyuan', '20:43'),
(1685, 6, 'Hsinchu', '20:56'),
(1685, 6, 'Taichung', '21:25'),
(1685, 6, 'Chiayi', '21:50'),
(1685, 6, 'Tainan', '22:07'),
(1685, 6, 'Zuoying', '22:20'),
(1685, 7, 'Nangang', '20:10'),
(1685, 7, 'Taipei', '20:21'),
(1685, 7, 'Banqiao', '20:29'),
(1685, 7, 'Taoyuan', '20:43'),
(1685, 7, 'Hsinchu', '20:56'),
(1685, 7, 'Taichung', '21:25'),
(1685, 7, 'Chiayi', '21:50'),
(1685, 7, 'Tainan', '22:07'),
(1685, 7, 'Zuoying', '22:20'),
(1691, 1, 'Nangang', '21:10'),
(1691, 1, 'Taipei', '21:21'),
(1691, 1, 'Banqiao', '21:29'),
(1691, 1, 'Taoyuan', '21:43'),
(1691, 1, 'Hsinchu', '21:56'),
(1691, 1, 'Taichung', '22:25'),
(1691, 1, 'Chiayi', '22:50'),
(1691, 1, 'Tainan', '23:07'),
(1691, 1, 'Zuoying', '23:20'),
(1691, 2, 'Nangang', '21:10'),
(1691, 2, 'Taipei', '21:21'),
(1691, 2, 'Banqiao', '21:29'),
(1691, 2, 'Taoyuan', '21:43'),
(1691, 2, 'Hsinchu', '21:56'),
(1691, 2, 'Taichung', '22:25'),
(1691, 2, 'Chiayi', '22:50'),
(1691, 2, 'Tainan', '23:07'),
(1691, 2, 'Zuoying', '23:20'),
(1691, 3, 'Nangang', '21:10'),
(1691, 3, 'Taipei', '21:21'),
(1691, 3, 'Banqiao', '21:29'),
(1691, 3, 'Taoyuan', '21:43'),
(1691, 3, 'Hsinchu', '21:56'),
(1691, 3, 'Taichung', '22:25'),
(1691, 3, 'Chiayi', '22:50'),
(1691, 3, 'Tainan', '23:07'),
(1691, 3, 'Zuoying', '23:20'),
(1691, 4, 'Nangang', '21:10'),
(1691, 4, 'Taipei', '21:21'),
(1691, 4, 'Banqiao', '21:29'),
(1691, 4, 'Taoyuan', '21:43'),
(1691, 4, 'Hsinchu', '21:56'),
(1691, 4, 'Taichung', '22:25'),
(1691, 4, 'Chiayi', '22:50'),
(1691, 4, 'Tainan', '23:07'),
(1691, 4, 'Zuoying', '23:20'),
(1691, 5, 'Nangang', '21:10'),
(1691, 5, 'Taipei', '21:21'),
(1691, 5, 'Banqiao', '21:29'),
(1691, 5, 'Taoyuan', '21:43'),
(1691, 5, 'Hsinchu', '21:56'),
(1691, 5, 'Taichung', '22:25'),
(1691, 5, 'Chiayi', '22:50'),
(1691, 5, 'Tainan', '23:07'),
(1691, 5, 'Zuoying', '23:20'),
(1691, 6, 'Nangang', '21:10'),
(1691, 6, 'Taipei', '21:21'),
(1691, 6, 'Banqiao', '21:29'),
(1691, 6, 'Taoyuan', '21:43'),
(1691, 6, 'Hsinchu', '21:56'),
(1691, 6, 'Taichung', '22:25'),
(1691, 6, 'Chiayi', '22:50'),
(1691, 6, 'Tainan', '23:07'),
(1691, 6, 'Zuoying', '23:20'),
(1691, 7, 'Nangang', '21:10'),
(1691, 7, 'Taipei', '21:21'),
(1691, 7, 'Banqiao', '21:29'),
(1691, 7, 'Taoyuan', '21:43'),
(1691, 7, 'Hsinchu', '21:56'),
(1691, 7, 'Taichung', '22:25'),
(1691, 7, 'Chiayi', '22:50'),
(1691, 7, 'Tainan', '23:07'),
(1691, 7, 'Zuoying', '23:20');

-- --------------------------------------------------------

--
-- Table structure for table `ticket`
--

CREATE TABLE `ticket` (
  `ticketnr` int(11) NOT NULL,
  `id` int(11) NOT NULL,
  `trainnr` int(11) NOT NULL,
  `day` int(11) NOT NULL,
  `starts` varchar(10) NOT NULL,
  `ends` varchar(10) NOT NULL
) ENGINE=InnoDB DEFAULT CHARSET=utf8mb4 COLLATE=utf8mb4_general_ci;

--
-- Dumping data for table `ticket`
--

INSERT INTO `ticket` (`ticketnr`, `id`, `trainnr`, `day`, `starts`, `ends`) VALUES
(357967, 57, 1257, 5, 'Nangang', 'Tainan'),
(126627, 176, 203, 7, 'Zuoying', 'Hsinchu'),
(759491, 24, 1655, 6, 'Zuoying', 'Changhua'),
(780393, 188, 845, 7, 'Yunlin', 'Hsinchu'),
(455125, 192, 121, 1, 'Zuoying', 'Nangang'),
(62658, 121, 141, 1, 'Miaoli', 'Changhua'),
(898078, 87, 609, 1, 'Nangang', 'Miaoli'),
(577166, 94, 821, 7, 'Zuoying', 'Tainan'),
(229338, 187, 813, 5, 'Taipei', 'Tainan'),
(364171, 82, 805, 3, 'Taipei', 'Miaoli'),
(973898, 66, 1549, 1, 'Hsinchu', 'Chiayi'),
(666684, 182, 615, 7, 'Taoyuan', 'Miaoli'),
(114858, 196, 1637, 2, 'Tainan', 'Taipei'),
(367621, 168, 133, 2, 'Changhua', 'Nangang'),
(683397, 103, 861, 7, 'Miaoli', 'Zuoying'),
(952112, 168, 1509, 7, 'Tainan', 'Taichung'),
(555401, 124, 1679, 6, 'Zuoying', 'Nangang'),
(156904, 28, 693, 4, 'Taichung', 'Changhua'),
(205771, 184, 567, 5, 'Tainan', 'Miaoli'),
(154568, 199, 857, 2, 'Taoyuan', 'Zuoying'),
(521274, 133, 833, 7, 'Banqiao', 'Tainan'),
(986518, 15, 1563, 1, 'Taoyuan', 'Nangang'),
(491823, 175, 1607, 4, 'Taipei', 'Nangang'),
(805249, 10, 133, 1, 'Yunlin', 'Changhua'),
(102441, 0, 565, 7, 'Changhua', 'Zuoying'),
(766885, 147, 845, 2, 'Changhua', 'Taoyuan'),
(804152, 188, 1545, 5, 'Chiayi', 'Changhua'),
(176876, 182, 1307, 6, 'Tainan', 'Nangang'),
(131315, 51, 809, 1, 'Zuoying', 'Banqiao'),
(719407, 143, 639, 7, 'Taoyuan', 'Taipei'),
(236632, 85, 803, 2, 'Yunlin', 'Miaoli'),
(577921, 100, 203, 5, 'Chiayi', 'Yunlin'),
(380706, 34, 841, 4, 'Yunlin', 'Taoyuan'),
(478075, 108, 113, 3, 'Changhua', 'Taoyuan'),
(806698, 121, 1209, 2, 'Nangang', 'Banqiao'),
(818788, 86, 805, 2, 'Banqiao', 'Nangang'),
(487069, 62, 583, 3, 'Hsinchu', 'Taichung'),
(367420, 90, 615, 3, 'Hsinchu', 'Tainan'),
(153301, 140, 809, 1, 'Yunlin', 'Chiayi'),
(632368, 42, 645, 5, 'Taipei', 'Zuoying'),
(862687, 100, 615, 7, 'Yunlin', 'Chiayi'),
(941831, 61, 621, 1, 'Taichung', 'Yunlin'),
(436248, 122, 1213, 4, 'Hsinchu', 'Chiayi'),
(850546, 88, 1541, 1, 'Tainan', 'Taoyuan'),
(638581, 98, 663, 5, 'Miaoli', 'Zuoying'),
(199242, 72, 833, 7, 'Hsinchu', 'Yunlin'),
(347894, 92, 625, 7, 'Banqiao', 'Changhua'),
(251158, 20, 693, 4, 'Taipei', 'Changhua'),
(365914, 42, 203, 1, 'Tainan', 'Nangang'),
(284701, 181, 849, 7, 'Taipei', 'Miaoli'),
(260671, 171, 1241, 2, 'Changhua', 'Chiayi'),
(323594, 131, 833, 1, 'Zuoying', 'Taichung'),
(263298, 97, 849, 7, 'Taoyuan', 'Hsinchu'),
(598305, 4, 625, 7, 'Taoyuan', 'Taipei'),
(592010, 74, 1245, 4, 'Zuoying', 'Changhua'),
(685438, 58, 803, 7, 'Taipei', 'Miaoli'),
(461125, 55, 1257, 1, 'Zuoying', 'Miaoli'),
(6300, 77, 845, 3, 'Zuoying', 'Taipei'),
(815122, 25, 125, 1, 'Yunlin', 'Zuoying'),
(467770, 197, 249, 4, 'Changhua', 'Hsinchu'),
(408458, 141, 1321, 6, 'Taoyuan', 'Taipei'),
(711682, 68, 1505, 1, 'Miaoli', 'Taichung'),
(528097, 158, 1607, 1, 'Miaoli', 'Taipei'),
(77748, 28, 205, 4, 'Taipei', 'Yunlin'),
(320070, 150, 845, 2, 'Miaoli', 'Chiayi'),
(600262, 93, 633, 7, 'Taoyuan', 'Zuoying'),
(9836, 170, 149, 6, 'Zuoying', 'Hsinchu'),
(288877, 158, 567, 5, 'Tainan', 'Taichung'),
(96084, 154, 1637, 1, 'Taoyuan', 'Taichung'),
(857368, 178, 1643, 2, 'Taichung', 'Yunlin'),
(299169, 43, 1213, 7, 'Taoyuan', 'Changhua'),
(904231, 78, 849, 4, 'Hsinchu', 'Changhua'),
(786391, 187, 1509, 1, 'Taipei', 'Hsinchu'),
(873045, 107, 669, 7, 'Taoyuan', 'Zuoying'),
(159134, 89, 805, 3, 'Banqiao', 'Taoyuan'),
(308140, 146, 149, 4, 'Tainan', 'Changhua'),
(366129, 156, 1321, 2, 'Nangang', 'Miaoli'),
(789362, 21, 805, 1, 'Hsinchu', 'Banqiao'),
(467709, 184, 857, 2, 'Yunlin', 'Zuoying'),
(402787, 113, 1643, 2, 'Taichung', 'Miaoli'),
(493249, 194, 841, 1, 'Chiayi', 'Hsinchu'),
(328576, 169, 667, 4, 'Banqiao', 'Hsinchu'),
(714558, 105, 651, 2, 'Tainan', 'Taipei'),
(862613, 70, 583, 5, 'Banqiao', 'Taoyuan'),
(978699, 123, 615, 4, 'Zuoying', 'Taoyuan'),
(282923, 45, 803, 2, 'Hsinchu', 'Tainan'),
(537595, 9, 841, 1, 'Nangang', 'Changhua'),
(477292, 81, 333, 5, 'Tainan', 'Changhua'),
(688935, 183, 1649, 1, 'Nangang', 'Hsinchu'),
(491825, 80, 625, 6, 'Zuoying', 'Banqiao'),
(529191, 85, 1643, 5, 'Taipei', 'Taichung'),
(481937, 127, 1541, 6, 'Miaoli', 'Hsinchu'),
(392207, 43, 845, 2, 'Taipei', 'Miaoli'),
(280929, 47, 1257, 3, 'Chiayi', 'Hsinchu'),
(53702, 171, 1643, 1, 'Taoyuan', 'Zuoying'),
(214606, 68, 1245, 3, 'Taichung', 'Zuoying'),
(694910, 31, 117, 5, 'Taoyuan', 'Changhua'),
(686929, 164, 1509, 6, 'Taipei', 'Taichung'),
(583866, 196, 845, 6, 'Yunlin', 'Nangang'),
(94516, 197, 669, 2, 'Miaoli', 'Taipei'),
(744612, 147, 805, 3, 'Banqiao', 'Miaoli'),
(834561, 72, 673, 1, 'Yunlin', 'Zuoying'),
(797241, 43, 129, 7, 'Taipei', 'Changhua'),
(241714, 164, 583, 7, 'Miaoli', 'Taipei'),
(794787, 199, 661, 3, 'Yunlin', 'Zuoying'),
(432344, 158, 841, 3, 'Tainan', 'Changhua'),
(131325, 30, 333, 5, 'Taipei', 'Changhua'),
(279203, 166, 837, 2, 'Hsinchu', 'Tainan'),
(726867, 124, 803, 6, 'Nangang', 'Hsinchu'),
(80717, 135, 803, 4, 'Hsinchu', 'Nangang'),
(584942, 147, 333, 5, 'Taichung', 'Hsinchu'),
(663878, 27, 333, 6, 'Chiayi', 'Nangang'),
(982211, 42, 803, 7, 'Tainan', 'Taoyuan'),
(298387, 35, 109, 3, 'Changhua', 'Hsinchu'),
(362296, 56, 141, 1, 'Yunlin', 'Chiayi'),
(669883, 128, 1509, 1, 'Taoyuan', 'Taipei'),
(449840, 173, 805, 5, 'Yunlin', 'Taichung'),
(322518, 73, 809, 2, 'Yunlin', 'Taoyuan'),
(152356, 122, 1607, 2, 'Changhua', 'Hsinchu'),
(428292, 100, 853, 3, 'Nangang', 'Chiayi'),
(466991, 43, 673, 2, 'Taipei', 'Miaoli'),
(971509, 50, 803, 2, 'Hsinchu', 'Chiayi'),
(855458, 85, 113, 3, 'Miaoli', 'Taichung'),
(730917, 177, 1541, 7, 'Hsinchu', 'Tainan'),
(93669, 170, 857, 4, 'Banqiao', 'Zuoying'),
(81784, 120, 1217, 2, 'Changhua', 'Nangang'),
(535747, 47, 565, 5, 'Nangang', 'Changhua'),
(237681, 1, 633, 6, 'Yunlin', 'Taoyuan'),
(929347, 94, 1685, 5, 'Hsinchu', 'Banqiao'),
(670855, 107, 1685, 7, 'Hsinchu', 'Taoyuan'),
(973513, 190, 565, 4, 'Changhua', 'Zuoying'),
(347717, 125, 805, 2, 'Taipei', 'Tainan'),
(498761, 111, 1553, 1, 'Zuoying', 'Taoyuan'),
(832408, 69, 1643, 1, 'Taipei', 'Zuoying'),
(96715, 100, 1513, 6, 'Changhua', 'Taichung'),
(421056, 171, 625, 2, 'Changhua', 'Miaoli'),
(287095, 139, 693, 1, 'Changhua', 'Taipei'),
(790495, 116, 657, 1, 'Banqiao', 'Taipei'),
(645636, 11, 295, 7, 'Taichung', 'Changhua'),
(599221, 143, 1327, 6, 'Zuoying', 'Tainan'),
(983862, 73, 809, 4, 'Changhua', 'Miaoli'),
(808735, 147, 333, 6, 'Taipei', 'Hsinchu'),
(462750, 22, 1241, 3, 'Banqiao', 'Taoyuan'),
(232669, 73, 849, 1, 'Yunlin', 'Taoyuan'),
(416344, 137, 613, 5, 'Tainan', 'Miaoli'),
(647084, 128, 669, 5, 'Nangang', 'Chiayi'),
(123357, 29, 669, 1, 'Nangang', 'Miaoli'),
(953224, 116, 669, 1, 'Tainan', 'Hsinchu'),
(776692, 119, 681, 7, 'Zuoying', 'Taichung'),
(96862, 1, 621, 4, 'Tainan', 'Taoyuan'),
(979897, 178, 603, 7, 'Chiayi', 'Tainan'),
(91373, 49, 651, 1, 'Taipei', 'Zuoying'),
(23328, 176, 675, 1, 'Chiayi', 'Taichung'),
(394211, 90, 669, 4, 'Changhua', 'Hsinchu'),
(249988, 135, 117, 3, 'Nangang', 'Hsinchu'),
(489173, 84, 857, 5, 'Banqiao', 'Changhua'),
(586970, 57, 661, 1, 'Changhua', 'Hsinchu'),
(876815, 8, 615, 6, 'Taipei', 'Yunlin'),
(928810, 7, 837, 5, 'Miaoli', 'Hsinchu'),
(946526, 130, 861, 7, 'Zuoying', 'Chiayi'),
(218185, 57, 833, 5, 'Taipei', 'Zuoying'),
(187890, 150, 1321, 2, 'Tainan', 'Taipei'),
(721028, 22, 615, 3, 'Nangang', 'Taoyuan'),
(908230, 26, 853, 6, 'Banqiao', 'Taipei'),
(704275, 182, 1685, 7, 'Tainan', 'Taichung'),
(6369, 69, 1631, 3, 'Taichung', 'Taoyuan'),
(778879, 103, 837, 2, 'Banqiao', 'Nangang'),
(115552, 112, 621, 4, 'Taichung', 'Chiayi'),
(710294, 26, 149, 7, 'Changhua', 'Zuoying'),
(656286, 115, 205, 1, 'Tainan', 'Banqiao'),
(136962, 136, 813, 5, 'Banqiao', 'Hsinchu'),
(386288, 123, 1691, 6, 'Tainan', 'Zuoying'),
(261888, 99, 133, 4, 'Zuoying', 'Miaoli'),
(274167, 57, 161, 7, 'Taoyuan', 'Nangang'),
(717345, 184, 853, 7, 'Tainan', 'Taipei'),
(842834, 183, 141, 2, 'Zuoying', 'Changhua'),
(883712, 147, 1513, 5, 'Miaoli', 'Zuoying'),
(600820, 119, 621, 5, 'Taoyuan', 'Tainan'),
(537895, 82, 153, 1, 'Chiayi', 'Zuoying'),
(324075, 100, 669, 2, 'Chiayi', 'Miaoli'),
(52201, 68, 651, 5, 'Banqiao', 'Miaoli'),
(147115, 83, 687, 7, 'Tainan', 'Zuoying'),
(314061, 184, 1553, 1, 'Taoyuan', 'Nangang'),
(208815, 189, 1553, 7, 'Miaoli', 'Taipei'),
(591557, 53, 833, 4, 'Miaoli', 'Taoyuan'),
(258517, 179, 1691, 7, 'Changhua', 'Tainan'),
(985472, 14, 1545, 1, 'Miaoli', 'Taoyuan'),
(971019, 196, 829, 7, 'Banqiao', 'Changhua'),
(869781, 149, 609, 6, 'Yunlin', 'Taoyuan'),
(247701, 130, 1237, 5, 'Changhua', 'Taoyuan'),
(37776, 89, 675, 1, 'Miaoli', 'Chiayi'),
(718472, 22, 1309, 7, 'Taoyuan', 'Chiayi'),
(195724, 169, 857, 1, 'Nangang', 'Miaoli'),
(662696, 155, 565, 3, 'Changhua', 'Hsinchu'),
(776277, 58, 833, 7, 'Taoyuan', 'Miaoli'),
(83196, 142, 825, 7, 'Banqiao', 'Changhua'),
(209544, 169, 149, 6, 'Nangang', 'Zuoying'),
(76846, 19, 1237, 6, 'Taoyuan', 'Miaoli'),
(67670, 86, 663, 3, 'Yunlin', 'Nangang'),
(539202, 14, 203, 6, 'Banqiao', 'Tainan'),
(566382, 120, 853, 4, 'Yunlin', 'Zuoying'),
(633184, 144, 1217, 7, 'Banqiao', 'Taichung'),
(911562, 148, 675, 1, 'Nangang', 'Taoyuan'),
(448064, 134, 861, 3, 'Changhua', 'Tainan'),
(564584, 180, 249, 3, 'Hsinchu', 'Banqiao'),
(949654, 65, 1257, 3, 'Taoyuan', 'Miaoli'),
(996481, 145, 1631, 4, 'Taoyuan', 'Hsinchu'),
(595882, 2, 133, 2, 'Taipei', 'Taoyuan'),
(874612, 103, 853, 5, 'Tainan', 'Taoyuan'),
(234287, 12, 673, 2, 'Tainan', 'Nangang'),
(994344, 24, 837, 3, 'Taoyuan', 'Taichung'),
(137296, 14, 141, 4, 'Chiayi', 'Tainan'),
(354538, 0, 1513, 4, 'Hsinchu', 'Taichung'),
(701614, 119, 1305, 6, 'Changhua', 'Taoyuan'),
(989930, 194, 857, 2, 'Chiayi', 'Yunlin'),
(104074, 160, 669, 7, 'Chiayi', 'Taoyuan'),
(865888, 68, 841, 1, 'Changhua', 'Taipei'),
(464265, 12, 845, 4, 'Hsinchu', 'Banqiao'),
(498754, 102, 673, 1, 'Taoyuan', 'Taichung'),
(840323, 143, 137, 2, 'Yunlin', 'Taichung'),
(318258, 47, 1631, 3, 'Chiayi', 'Changhua'),
(265633, 64, 1309, 6, 'Zuoying', 'Taichung'),
(809132, 40, 1509, 4, 'Banqiao', 'Yunlin'),
(651309, 117, 1217, 5, 'Chiayi', 'Miaoli'),
(555483, 128, 153, 5, 'Taoyuan', 'Tainan'),
(681781, 126, 849, 3, 'Taoyuan', 'Tainan'),
(372599, 83, 609, 6, 'Taipei', 'Miaoli'),
(765922, 150, 1643, 1, 'Taipei', 'Chiayi'),
(317787, 93, 861, 3, 'Zuoying', 'Taichung'),
(91432, 139, 681, 5, 'Chiayi', 'Taoyuan'),
(607028, 0, 1563, 2, 'Taoyuan', 'Tainan'),
(368465, 25, 1553, 6, 'Miaoli', 'Hsinchu'),
(292957, 117, 657, 2, 'Tainan', 'Zuoying'),
(946841, 106, 675, 3, 'Taipei', 'Chiayi'),
(761652, 106, 805, 1, 'Tainan', 'Hsinchu'),
(765582, 90, 693, 5, 'Zuoying', 'Hsinchu'),
(683147, 28, 1327, 2, 'Tainan', 'Taipei'),
(94539, 174, 1513, 6, 'Nangang', 'Tainan'),
(365295, 182, 1691, 5, 'Taichung', 'Yunlin'),
(316658, 136, 681, 2, 'Taichung', 'Zuoying'),
(131204, 96, 203, 1, 'Nangang', 'Changhua'),
(202204, 158, 565, 2, 'Banqiao', 'Chiayi'),
(667772, 24, 829, 5, 'Changhua', 'Chiayi'),
(862397, 186, 657, 5, 'Yunlin', 'Changhua'),
(109017, 144, 833, 6, 'Miaoli', 'Tainan'),
(331497, 44, 621, 1, 'Zuoying', 'Changhua'),
(557547, 151, 681, 7, 'Taichung', 'Taipei'),
(99176, 44, 651, 2, 'Banqiao', 'Taichung'),
(989856, 59, 837, 7, 'Banqiao', 'Taichung'),
(676775, 68, 1237, 4, 'Taoyuan', 'Taichung'),
(829243, 197, 137, 2, 'Nangang', 'Tainan'),
(719344, 46, 849, 4, 'Yunlin', 'Taoyuan'),
(316290, 39, 853, 7, 'Zuoying', 'Tainan'),
(491387, 5, 1209, 6, 'Taichung', 'Taoyuan'),
(290675, 11, 333, 6, 'Chiayi', 'Banqiao'),
(227955, 46, 121, 5, 'Banqiao', 'Nangang'),
(789160, 179, 841, 4, 'Nangang', 'Changhua'),
(70322, 196, 803, 1, 'Zuoying', 'Tainan'),
(665266, 126, 845, 2, 'Banqiao', 'Taipei'),
(208174, 158, 1563, 1, 'Hsinchu', 'Zuoying'),
(53883, 142, 651, 5, 'Miaoli', 'Zuoying'),
(461212, 142, 1643, 1, 'Taoyuan', 'Hsinchu'),
(626215, 29, 663, 1, 'Nangang', 'Taoyuan'),
(856359, 68, 295, 6, 'Changhua', 'Chiayi'),
(501620, 43, 813, 7, 'Taipei', 'Chiayi'),
(859847, 160, 673, 3, 'Zuoying', 'Changhua'),
(535502, 44, 1649, 1, 'Taichung', 'Taoyuan'),
(612216, 14, 1607, 4, 'Yunlin', 'Hsinchu'),
(802360, 160, 625, 1, 'Taichung', 'Miaoli'),
(341406, 121, 1637, 1, 'Zuoying', 'Hsinchu'),
(779200, 170, 853, 7, 'Taipei', 'Yunlin'),
(35666, 199, 149, 6, 'Yunlin', 'Miaoli'),
(756212, 176, 861, 5, 'Chiayi', 'Miaoli'),
(19030, 171, 157, 6, 'Taoyuan', 'Yunlin'),
(221596, 3, 619, 2, 'Changhua', 'Miaoli'),
(551784, 169, 1541, 3, 'Changhua', 'Yunlin'),
(723360, 103, 833, 7, 'Tainan', 'Zuoying'),
(556763, 87, 681, 6, 'Banqiao', 'Taoyuan'),
(367331, 93, 813, 7, 'Banqiao', 'Miaoli'),
(335301, 82, 1309, 7, 'Hsinchu', 'Taoyuan'),
(607116, 124, 1549, 5, 'Changhua', 'Miaoli'),
(564209, 145, 693, 7, 'Taipei', 'Hsinchu'),
(431362, 186, 1557, 6, 'Changhua', 'Miaoli'),
(325292, 162, 845, 5, 'Taoyuan', 'Changhua'),
(222793, 61, 565, 5, 'Yunlin', 'Taipei'),
(707050, 153, 1209, 5, 'Taoyuan', 'Zuoying'),
(438008, 100, 845, 5, 'Taipei', 'Tainan'),
(73004, 153, 1241, 4, 'Hsinchu', 'Taipei'),
(792218, 123, 803, 7, 'Chiayi', 'Hsinchu'),
(342321, 61, 603, 2, 'Tainan', 'Hsinchu'),
(442099, 68, 805, 2, 'Taichung', 'Chiayi'),
(869285, 62, 1563, 6, 'Taichung', 'Chiayi'),
(789427, 128, 615, 4, 'Miaoli', 'Chiayi'),
(606579, 101, 1509, 2, 'Miaoli', 'Nangang'),
(280594, 74, 1513, 6, 'Taichung', 'Taipei'),
(261016, 72, 837, 3, 'Taipei', 'Hsinchu'),
(739429, 54, 1321, 2, 'Zuoying', 'Changhua'),
(116958, 104, 829, 6, 'Zuoying', 'Taoyuan'),
(430761, 59, 145, 4, 'Tainan', 'Miaoli'),
(62996, 118, 813, 6, 'Hsinchu', 'Taichung');

-- --------------------------------------------------------

--
-- Table structure for table `train`
--

CREATE TABLE `train` (
  `trainnr` int(11) NOT NULL,
  `day` int(11) NOT NULL
) ENGINE=InnoDB DEFAULT CHARSET=utf8mb4 COLLATE=utf8mb4_general_ci;

--
-- Dumping data for table `train`
--

INSERT INTO `train` (`trainnr`, `day`) VALUES
(108, 1),
(108, 2),
(108, 3),
(108, 4),
(108, 5),
(108, 6),
(108, 7),
(109, 1),
(109, 2),
(109, 3),
(109, 4),
(109, 5),
(112, 1),
(112, 3),
(112, 5),
(112, 6),
(112, 7),
(113, 1),
(113, 4),
(116, 1),
(116, 2),
(116, 3),
(116, 4),
(116, 5),
(117, 1),
(117, 4),
(117, 6),
(117, 7),
(120, 1),
(120, 2),
(120, 3),
(120, 4),
(120, 5),
(120, 6),
(120, 7),
(121, 1),
(121, 2),
(121, 3),
(121, 4),
(121, 5),
(124, 1),
(124, 3),
(124, 5),
(125, 1),
(125, 4),
(128, 6),
(128, 7),
(129, 1),
(129, 7),
(132, 1),
(132, 2),
(132, 3),
(132, 4),
(132, 5),
(133, 2),
(133, 4),
(133, 6),
(136, 1),
(136, 3),
(136, 5),
(137, 1),
(137, 2),
(137, 3),
(137, 4),
(137, 5),
(140, 7),
(141, 6),
(141, 7),
(144, 1),
(144, 4),
(144, 6),
(144, 7),
(145, 1),
(145, 2),
(145, 3),
(145, 4),
(145, 5),
(145, 6),
(145, 7),
(148, 1),
(148, 2),
(148, 3),
(148, 4),
(148, 5),
(148, 6),
(148, 7),
(152, 1),
(152, 2),
(152, 3),
(152, 4),
(152, 5),
(153, 1),
(153, 2),
(153, 3),
(153, 4),
(153, 5),
(153, 6),
(153, 7),
(156, 1),
(156, 2),
(156, 3),
(156, 4),
(156, 5),
(157, 1),
(157, 4),
(157, 5),
(160, 1),
(160, 2),
(160, 3),
(160, 4),
(160, 5),
(160, 6),
(160, 7),
(161, 6),
(161, 7),
(165, 6),
(165, 7),
(203, 1),
(203, 2),
(203, 3),
(203, 4),
(203, 5),
(204, 1),
(204, 2),
(204, 3),
(204, 4),
(204, 5),
(205, 1),
(205, 4),
(206, 1),
(206, 3),
(206, 5),
(206, 7),
(242, 1),
(242, 2),
(242, 3),
(242, 4),
(242, 5),
(242, 6),
(242, 7),
(249, 1),
(249, 2),
(249, 3),
(249, 4),
(249, 5),
(249, 6),
(249, 7),
(294, 1),
(294, 2),
(294, 3),
(294, 4),
(294, 5),
(294, 6),
(294, 7),
(295, 1),
(295, 2),
(295, 3),
(295, 4),
(295, 5),
(300, 1),
(300, 3),
(300, 5),
(300, 7),
(333, 3),
(333, 5),
(333, 6),
(333, 7),
(502, 1),
(502, 2),
(502, 3),
(502, 4),
(502, 5),
(502, 6),
(502, 7),
(508, 1),
(508, 2),
(508, 3),
(508, 4),
(508, 5),
(508, 1),
(508, 3),
(565, 5),
(565, 6),
(565, 7),
(565, 1),
(565, 4),
(565, 1),
(565, 2),
(567, 3),
(567, 4),
(567, 5),
(567, 1),
(567, 4),
(567, 6),
(567, 7),
(583, 1),
(583, 2),
(583, 3),
(583, 4),
(598, 5),
(598, 6),
(598, 7),
(598, 1),
(598, 2),
(598, 3),
(598, 4),
(603, 5),
(603, 1),
(603, 3),
(603, 5),
(606, 1),
(606, 4),
(609, 6),
(609, 7),
(610, 1),
(610, 7),
(612, 1),
(612, 2),
(612, 3),
(612, 4),
(613, 5),
(613, 2),
(613, 4),
(613, 6),
(615, 1),
(615, 3),
(615, 5),
(616, 1),
(616, 2),
(616, 3),
(616, 4),
(618, 5),
(618, 7),
(619, 6),
(619, 7),
(621, 1),
(621, 4),
(621, 6),
(621, 7),
(624, 1),
(624, 2),
(624, 3),
(624, 4),
(625, 5),
(625, 6),
(625, 7),
(625, 1),
(625, 2),
(625, 3),
(625, 4),
(627, 5),
(627, 6),
(627, 7),
(628, 1),
(628, 2),
(628, 3),
(628, 4),
(630, 5),
(630, 1),
(630, 2),
(630, 3),
(630, 4),
(633, 5),
(633, 6),
(633, 7),
(633, 1),
(633, 2),
(633, 3),
(633, 4),
(636, 5),
(636, 1),
(636, 4),
(636, 5),
(639, 1),
(639, 2),
(639, 3),
(639, 4),
(642, 5),
(642, 6),
(642, 7),
(642, 6),
(642, 7),
(645, 6),
(645, 7),
(648, 1),
(648, 2),
(648, 3),
(648, 4),
(651, 5),
(651, 1),
(651, 2),
(651, 3),
(651, 4),
(654, 5),
(654, 1),
(654, 4),
(657, 1),
(657, 3),
(657, 5),
(657, 7),
(658, 1),
(658, 2),
(658, 3),
(658, 4),
(660, 5),
(660, 6),
(660, 7),
(660, 1),
(660, 2),
(660, 3),
(660, 4),
(661, 5),
(661, 6),
(661, 7),
(661, 1),
(661, 2),
(661, 3),
(661, 4),
(663, 5),
(663, 6),
(663, 7),
(663, 1),
(663, 2),
(663, 3),
(663, 4),
(664, 5),
(664, 1),
(664, 3),
(664, 5),
(664, 7),
(666, 3),
(666, 5),
(666, 6),
(666, 7),
(667, 1),
(667, 2),
(667, 3),
(667, 4),
(667, 5),
(667, 6),
(667, 7),
(669, 1),
(669, 2),
(669, 3),
(669, 4),
(669, 5),
(670, 1),
(670, 3),
(670, 5),
(672, 1),
(672, 4),
(673, 6),
(673, 7),
(675, 1),
(675, 7),
(676, 1),
(676, 2),
(676, 3),
(676, 4),
(676, 5),
(678, 2),
(678, 4),
(678, 6),
(681, 1),
(681, 3),
(681, 5),
(684, 1),
(684, 2),
(684, 3),
(684, 4),
(684, 5),
(687, 7),
(690, 6),
(690, 7),
(693, 1),
(693, 4),
(693, 6),
(693, 7),
(696, 1),
(696, 2),
(696, 3),
(696, 4),
(696, 5),
(696, 6),
(696, 7),
(802, 1),
(802, 2),
(802, 3),
(802, 4),
(802, 5),
(802, 6),
(802, 7),
(805, 1),
(805, 2),
(805, 3),
(805, 4),
(805, 5),
(806, 1),
(806, 2),
(806, 3),
(806, 4),
(806, 5),
(806, 6),
(806, 7),
(809, 1),
(809, 2),
(809, 3),
(809, 4),
(809, 5),
(810, 1),
(810, 4),
(810, 5),
(813, 1),
(813, 2),
(813, 3),
(813, 4),
(813, 5),
(813, 6),
(813, 7),
(814, 6),
(814, 7),
(817, 6),
(817, 7),
(818, 1),
(818, 2),
(818, 3),
(818, 4),
(818, 5),
(821, 1),
(821, 2),
(821, 3),
(821, 4),
(821, 5),
(822, 1),
(822, 4),
(825, 1),
(825, 3),
(825, 5),
(825, 7),
(826, 1),
(826, 2),
(826, 3),
(826, 4),
(826, 5),
(826, 6),
(826, 7),
(829, 1),
(829, 2),
(829, 3),
(829, 4),
(829, 5),
(829, 6),
(829, 7),
(830, 1),
(830, 2),
(830, 3),
(830, 4),
(830, 5),
(830, 6),
(830, 7),
(833, 1),
(833, 2),
(833, 3),
(833, 4),
(833, 5),
(834, 1),
(834, 3),
(834, 5),
(834, 7),
(837, 3),
(837, 5),
(837, 6),
(837, 7),
(838, 1),
(838, 2),
(838, 3),
(838, 4),
(838, 5),
(838, 6),
(838, 7),
(841, 1),
(841, 2),
(841, 3),
(841, 4),
(841, 5),
(841, 1),
(841, 3),
(842, 5),
(842, 6),
(842, 7),
(842, 1),
(842, 4),
(842, 1),
(842, 2),
(845, 3),
(845, 4),
(845, 5),
(845, 1),
(845, 4),
(845, 6),
(845, 7),
(846, 1),
(846, 2),
(846, 3),
(846, 4),
(849, 5),
(849, 6),
(849, 7),
(849, 1),
(849, 2),
(849, 3),
(849, 4),
(850, 5),
(850, 1),
(850, 3),
(850, 5),
(853, 1),
(853, 4),
(854, 6),
(854, 7),
(857, 1),
(857, 7),
(858, 1),
(858, 2),
(858, 3),
(858, 4),
(861, 5),
(861, 2),
(861, 4),
(861, 6),
(862, 1),
(862, 3),
(862, 5),
(1202, 1),
(1202, 2),
(1202, 3),
(1202, 4),
(1209, 5),
(1209, 7),
(1210, 6),
(1210, 7),
(1213, 1),
(1213, 4),
(1213, 6),
(1213, 7),
(1214, 1),
(1214, 2),
(1214, 3),
(1214, 4),
(1217, 5),
(1217, 6),
(1217, 7),
(1217, 1),
(1217, 2),
(1217, 3),
(1217, 4),
(1218, 5),
(1218, 6),
(1218, 7),
(1234, 1),
(1234, 2),
(1234, 3),
(1234, 4),
(1237, 5),
(1237, 1),
(1237, 2),
(1237, 3),
(1237, 4),
(1238, 5),
(1238, 6),
(1238, 7),
(1238, 1),
(1238, 2),
(1238, 3),
(1238, 4),
(1241, 5),
(1241, 1),
(1241, 4),
(1241, 5),
(1245, 1),
(1245, 2),
(1245, 3),
(1245, 4),
(1246, 5),
(1246, 6),
(1246, 7),
(1246, 6),
(1246, 7),
(1250, 6),
(1250, 7),
(1253, 1),
(1253, 2),
(1253, 3),
(1253, 4),
(1253, 5),
(1253, 6),
(1253, 7),
(1254, 1),
(1254, 2),
(1254, 3),
(1254, 4),
(1254, 5),
(1257, 1),
(1257, 3),
(1257, 5),
(1258, 1),
(1258, 4),
(1264, 6),
(1264, 7),
(1302, 1),
(1302, 7),
(1305, 1),
(1305, 2),
(1305, 3),
(1305, 4),
(1305, 5),
(1307, 2),
(1307, 4),
(1307, 6),
(1309, 1),
(1309, 3),
(1309, 5),
(1318, 1),
(1318, 2),
(1318, 3),
(1318, 4),
(1318, 5),
(1320, 7),
(1321, 6),
(1321, 7),
(1326, 1),
(1326, 4),
(1326, 6),
(1326, 7),
(1327, 1),
(1327, 2),
(1327, 3),
(1327, 4),
(1327, 5),
(1327, 6),
(1327, 7),
(1328, 1),
(1328, 2),
(1328, 3),
(1328, 4),
(1328, 5),
(1328, 6),
(1328, 7),
(1504, 1),
(1504, 2),
(1504, 3),
(1504, 4),
(1504, 5),
(1505, 1),
(1505, 2),
(1505, 3),
(1505, 4),
(1505, 5),
(1505, 6),
(1505, 7),
(1509, 1),
(1509, 2),
(1509, 3),
(1509, 4),
(1509, 5),
(1510, 1),
(1510, 4),
(1510, 5),
(1513, 1),
(1513, 2),
(1513, 3),
(1513, 4),
(1513, 5),
(1513, 6),
(1513, 7),
(1514, 6),
(1514, 7),
(1522, 6),
(1522, 7),
(1538, 1),
(1538, 2),
(1538, 3),
(1538, 4),
(1538, 5),
(1541, 1),
(1541, 2),
(1541, 3),
(1541, 4),
(1541, 5),
(1542, 1),
(1542, 4),
(1545, 1),
(1545, 3),
(1545, 5),
(1545, 7),
(1546, 1),
(1546, 2),
(1546, 3),
(1546, 4),
(1546, 5),
(1546, 6),
(1546, 7),
(1549, 1),
(1549, 2),
(1549, 3),
(1549, 4),
(1549, 5),
(1549, 6),
(1549, 7),
(1550, 1),
(1550, 2),
(1550, 3),
(1550, 4),
(1550, 5),
(1550, 6),
(1550, 7),
(1553, 1),
(1553, 2),
(1553, 3),
(1553, 4),
(1553, 5),
(1554, 1),
(1554, 3),
(1554, 5),
(1554, 7),
(1557, 3),
(1557, 5),
(1557, 6),
(1557, 7),
(1558, 1),
(1558, 2),
(1558, 3),
(1558, 4),
(1558, 5),
(1558, 6),
(1558, 7),
(1562, 1),
(1562, 2),
(1562, 3),
(1562, 4),
(1562, 5),
(1562, 1),
(1562, 3),
(1563, 5),
(1563, 6),
(1563, 7),
(1563, 1),
(1563, 4),
(1563, 1),
(1563, 2),
(1566, 3),
(1566, 4),
(1566, 5),
(1566, 1),
(1566, 4),
(1566, 6),
(1566, 7),
(1570, 1),
(1570, 2),
(1570, 3),
(1570, 4),
(1602, 5),
(1602, 6),
(1602, 7),
(1602, 1),
(1602, 2),
(1602, 3),
(1602, 4),
(1607, 5),
(1607, 1),
(1607, 3),
(1607, 5),
(1622, 1),
(1622, 4),
(1631, 6),
(1631, 7),
(1634, 1),
(1634, 7),
(1637, 1),
(1637, 2),
(1637, 3),
(1637, 4),
(1640, 5),
(1640, 2),
(1640, 4),
(1640, 6),
(1643, 1),
(1643, 3),
(1643, 5),
(1646, 1),
(1646, 2),
(1646, 3),
(1646, 4),
(1649, 5),
(1649, 7),
(1652, 6),
(1652, 7),
(1655, 1),
(1655, 4),
(1655, 6),
(1655, 7),
(1679, 1),
(1679, 2),
(1679, 3),
(1679, 4),
(1682, 5),
(1682, 6),
(1682, 7),
(1682, 1),
(1682, 2),
(1682, 3),
(1682, 4),
(1685, 5),
(1685, 6),
(1685, 7),
(1688, 1),
(1688, 2),
(1688, 3),
(1688, 4),
(1691, 5),
(1691, 1),
(1691, 2),
(1691, 3),
(1691, 4);
COMMIT;

/*!40101 SET CHARACTER_SET_CLIENT=@OLD_CHARACTER_SET_CLIENT */;
/*!40101 SET CHARACTER_SET_RESULTS=@OLD_CHARACTER_SET_RESULTS */;
/*!40101 SET COLLATION_CONNECTION=@OLD_COLLATION_CONNECTION */;
